id,name,reviewer_name,review_text,rating,last_visit_date,city
0,Оніщук Group,Михайлина,Монета метал знаходити паща розкішний пані важкий. Вказаний блін слати єдиний. Ліхтарик палата хід.,1,2022-06-06,Червоносів
1,Ґжицький-Редько,Оксенія,Іспит а палець поява загроза сумний. Виникнення пісня що-небудь поставити мотоцикл груди наштовхнутися.,5,2022-08-09,Славута
2,Андрієнко-Свистун,Ліза,Взагалі гроші міф хліб очко виблискувати. Боєць відповідність фахівець хотіти.,1,2023-10-14,Могилів-Подільський
3,Свириденко LLC,Мартин,Розводити паща аналіз навіщо виконувати ковзати. Вчора приятель купа-невеличка.,5,2023-10-18,Алчевськ
4,Кармалюк Ltd,Давид,Товар вивчити інтелектуальний рот ефект ґудзик. Ремінь провал заклад порт сумнівний конференція доба.,1,2022-07-22,Глиняни
5,Євдокименко Супруненко and Арсенич,Сніжана,Блін метелик безглуздий заклик. Суглоб степ інтелектуальний міра хлопчисько заява мимо спалити. Командир присісти функція деякий присвятити. Валюта ремінь рішення безглуздий слати о пробувати.,4,2022-08-13,Виноградів
6,Цимбалюк-Бандера,Емілія,Бажання гіркий порт головка тривога перетнути рота пісенька. Міркування рішення жити присісти поїзд мить головний.,2,2023-04-03,Мерефа
7,Салій Абрамчук and Шухевич,Одарка,Олівець сміятися написати бажання спасти. Решітка легко важкий збільшуватися.,1,2023-12-28,Зборів
8,Шовкопляс Сіробаба and Архимович,Устим,Несподівано присісти актриса трубка поява. Зарплата покидати тютюн щастя міркування навіщо. Космос прошепотіти банда господь.,1,2023-11-04,Вижниця
9,Жук-Юрчишин,Віталій,Бігати низький рідкий заява редактор. Основа конструкція нога командування танцювати гідність заява головний. Різноманітний ліловий покидати єдиний.,3,2023-09-05,Подільськ
10,Колесниченко-Самойленко,Віталій,Виконувати єврейський синок вибирати. Зміна синок командування бігати вперед.,1,2022-12-28,Заліщики
11,Ващенко-Захарченко LLC,Макар,Художній м'який сонце звільнити адвокат п'ятеро зима.,5,2023-11-05,Макіївка
12,Ґалаґан LLC,Святослав,Груди вираз порт важкий. Пристрій розводити командир жорстокий. Інфекція знаходити п'ятеро незручно падаль.,5,2022-06-08,Новий Розділ
13,Гаврилець Каденюк and Гунько,Давид,Число низький розстебнути зупинити повністю прохід інший занадто. Дрімати заклад пристрасть гідність купа-невеличка передо кільце. Заспокоїтися дошлий присісти байдужий.,3,2023-10-26,Сніжне
14,Абрамчук-Аврамчук,Єлисавета,Болото сонце образа кора задерти адвокат робочий. Зате багаття паща кут упор.,2,2023-08-23,Пологи 
15,Петлюра Inc,Ірена,Ягода гіркий гіркий підземний чоловічок сміятися поява. Багаття заклад сонце падати. Виражений заробити соціалістичний господь конструкція лівий.,1,2023-05-02,Дружба 
16,Гаєвський-Василенко,Ярослав,Голубчик вивчити повністю. Колишній спорт функція. Пісенька за гуляти заплакати бажання точно услати.,3,2022-06-11,Борислав
17,Семенченко-Величко,Мілена,Гараж поява солома виконувати навряд правий другий степ. Черговий очко свіжий програміст розгубитися подвірʼя несподіваний соціалістичний.,5,2022-07-17,Вараш
18,Перепелиця-Барабаш,Веніямин,Секунда господь матерія господь близько спосіб ліловий гіркий. Простір гроші кишеня шкарпетка уникати.,1,2022-10-09,Марганець 
19,Фаренюк Гаврилишин and Пушкар,Маруся,Єдиний уточнити пірʼя подвірʼя. Насолода самостійно художній рот. Розуміти незвичайний супроводжуватися міркування.,3,2023-05-25,Хорол 
20,Ґерус Group,Соломія,Пристойний порт результат світило бажання уникати секунда збільшуватися. Природний ремінь інший похмуро. Дружно розвинений точно мить покоління колектив.,1,2023-10-06,Новояворівськ
21,Матвієнко-Атрощенко,Амалія,Направо важливий інфекція прірва покидати шкільний епоха розкішний. Конструкція розкішний результат іспит забирати пісенька зарплата.,2,2023-08-21,Охтирка
22,Черінько-Слюсар,Олекса,Черговий паща отже.,3,2022-12-20,Борзна
23,Оберемко Засенко and Корсун,Златослава,Вовк картинка лягати навіщо пити художній. Здригатися навряд століття висіти труп монета ремінь. Нарада залучати пані п'ятеро тисяча.,5,2022-04-19,Алмазна
24,Яременко PLC,Богданна,Команда пастух простір казна-хто нині. Функція услати виднітися століття правий.,5,2023-04-23,Тячів
25,Скоробогатько LLC,Хома,Набір бригада радити засунути вперед направо пісенька. Ленінград болісно знаходити так заплакати несподіваний.,4,2022-09-17,Бунге 
26,Петренко Inc,Марія,Століття застосовуватися мигнути нарада перебивати. Дошлий щастя струмок незвичайний задерти плід збільшуватися.,4,2023-09-15,Андрушівка
27,Ґерета Вдовенко and Ільченко,Орися,Палиця бігати новий функція олівець здригнутися. Помовчати важливий командувач голубчик.,3,2023-10-20,Дніпрорудне
28,Гайдабура-Гаврилишин,Наталія,Хлопець командувач незвичний заплакати коричневий провал полюбити. Метелик тисяча дальній жорстокий радість зображати. Єдиний увійти сміятися зрідка що.,4,2022-06-14,Алчевськ
29,Лавренко LLC,Ірина,Командувач легко простір навіщо банда різноманітний. Процес несподіваний несподівано кут виникнення простір. Присвятити прощення прелесть ягода співати.,2,2022-06-23,Миколаїв
30,Чекалюк Рак and Александренко,Зорян,Уточнити висіти вечір порівняння. Небезпека ніж даль полюбити соціалістичний вчора виникнення. Соціалістичний інший один аналіз.,2,2023-12-28,Прилуки
31,Дахно Василенко and Бабій,Алла,Покидати дрімати отже перетнути нині. Скинути трясти покидати знищення століття.,3,2023-05-23,Овруч
32,Дергач Шутько and Андрієнко,Омелян,Застосовуватися гіркий термін о наполегливо білизна діловий. Монета комунізм пробувати обуритися. Результат скинути поїзд розводити другий.,3,2022-06-30,Тлумач
33,Асаула and Sons,Юстим,Перебивати гуляти що жорстокий каюта означати. Колишній триста жити ремінь хліб художній. Дівка п'ятеро міра інвалід академік тьмяний заява.,5,2023-04-25,Старий Самбір
34,Гаврилів and Sons,Левко,Струмок щастя груди міф квапливий юний результат. Поїзд подвірʼя матерія.,2,2024-02-19,Білицьке
35,Сімашкевич Чміль and Пушкар,Сніжана,Прем'Єра холодно відповідність матерія плід зображати здригатися. Іспит образа спосіб через поріг жити.,3,2022-10-30,Малин
36,Ящук Бандурка and Влох,Анастасія,Незвичний перетнути нині місце яблуко передо. Польовий сміття програміст ручка вітрина.,5,2023-07-09,Чигирин
37,Гаєвський Ltd,Василина,Червонй кільце прихований пропаганда. Тисяча хлопчисько деякий безглуздий танцювати сходити.,1,2023-02-01,Барвінкове
38,Москаль Цимбалюк and Гайда,Златослава,Зображати космос зрідка синок. Помовчати бок хід шкарпетка солома.,2,2023-04-24,Мерефа
39,Єресько-Мазур,Ганна,Заробити щось валюта несподіваний комунізм пісня висіти.,5,2022-07-09,Горлівка
40,Атрощенко Group,Лариса,Неправда функція благати художній команда й різноманітний при. Здригнутися демократія рис виникнення що-небудь. Сходити сміятися занадто сміятися пристрасть. Хлопчисько виконувати легко виконувати штаб викинути щур.,5,2023-11-18,Куп'янськ
41,Мазепа Андрусенко and Бабенко,Єва,Число благати шкіра сумний. Співати чітко командування дрібниця століття загроза. Низький танцювати хлопець даль.,1,2023-09-30,Бунге 
42,Ісаєнко Group,Богуслава,Мільярд монета тута коваль відзначити покидати доба. Болісно потягнутися благати пісенька різноманітний образа супроводжуватися. Ланцюжок тютюн настати відповідність поріг.,2,2022-08-20,Сватове
43,Дурдинець-Сиротенко,Едита,Інвалід зате грати який свіжий застосовуватися здригнутися. Трубка купа-невеличка секунда ґудзик мигнути.,5,2022-07-16,Карлівка
44,Балабан-Масоха,Адам,Іспит розвернутися ставити промовчати ламати. Актриса багряний написати щось забирати червʼяк.,1,2023-02-17,Миронівка
45,Кабаненко-Тимченко,Пантелеймон,Аж дівка перебивати висіти сумний звільнення. Паща жорстокий гіркий угодний зрозумілий кордон. Виконувати плавно прем'єра. Друкувати інтернет гараж оборот.,5,2023-11-06,Селидове
46,Комар Щербань and Юрчишин,Олександр,Міра каюта склянка виникнення. Простір навряд вигнати боєць спасти болісно. Прірва зате соціалістичний що прошепотіти можливо.,1,2023-03-31,Кам'янка-Бузька
47,Цибуленко-Сімашкевич,Єва,Заява природа результат іспит означати. Правління підкинути пити хліб. Дрібниця дорогий мʼята занадто. Хід господь ґаздиня обуритися простір розуміти увійти.,5,2024-01-28,Новоазовськ
48,Рябовіл Inc,Віолетта,Новий плід зарплата очко картинка провал хліб. Звільнити жорстокий сміття провінція розводити.,3,2022-07-23,Новоукраїнка
49,Арсенич Зінкевич and Чубай,Валентина,Суглоб конференція кпсс гроші. Важливий мільярд житель знімати академік. Ковзати академік єврейський шкіра. Услати навряд головка польовий пісенька.,4,2022-10-20,Хуст
50,Єщенко Ґоляш and Цюпа,Клавдія,Обуритися друкувати їсти олівець квапливий порада. Похорон багаття запустити встати розвинений.,2,2022-09-29,Дубровиця
51,Скирда-Бандера,Яків,Командир звільнення що. Загроза дрімати нервово дрібниця. Багаття виблискувати результат скинути метелик трубка вітати.,5,2022-07-15,Лиман 
52,Терещук Бандура and Лагода,Оксана,Виконувати господиня кільце незвичайний. Вираз інтернет досліджено сходити.,1,2023-05-12,Перещепине
53,Левченко Бабич and Лаба,Венедикт,Пісенька спосіб функція полюбити. Танцювати ліворуч вивести. Прем'Єра сміятися гараж.,1,2023-07-07,Родинське
54,Верменич and Sons,Юстина,Головка аж лапа олівець відділ правління. Подробиця світило триста райком.,3,2022-04-14,Федорівка
55,Міщенко-Нестайко,Оксана,Реклама залучати метал казна-хто гроші тисяча. М'Який дальній лягати набір єдиний. Гіркий розкішний так квапливий інфекція подвірʼя близько. Бочок хотіти єврейський реклама бок нога правий.,2,2022-07-30,Дрогобич
56,Ващенко-Захарченко-Безбородьки,Мілена,Звільнити темніти ручка плавно зелений триста. Мотоцикл багаття пані кут. Міркування недолік образа дальній адже бок деякий.,5,2023-09-11,Суми
57,Дробаха-Коваленко,Нестор,Вигнати холодно вибирати. Казна-Хто сміятися підкинути термін вказаний. Брову чоловічок різноманітний вскакивать.,4,2022-10-03,Світлодарськ
58,Титаренко Inc,Олена,Голубчик багаття інший витягувати.,3,2022-04-10,Жовті Води
59,Баштан-Величко,Арсен,Перед потім мʼята ніж аналіз теорія упор висловлюватися. Кільце діловий колектив більше новий так. Нині мигнути витримати рот пропадати.,5,2022-11-13,Макіївка
60,Рева Савенко and Базилевич,Мирослав,Аналіз виражений прірва покоління гіркий торгівля болото. Радити темніти підкинути головка. Бажання адвокат відповісти відповідність ґудзик спалити застосовуватися.,3,2022-03-05,Новомиргород
61,Худобʼяк Левченко and Дурдинець,Азар,Рідкий черевик прірва пити голубчик. Яскраво занадто присвятити тривога. Висіти голубчик засунути щось ланцюжок яскраво метелик повністю.,3,2022-05-26,Берегове
62,Джус Ltd,Розалія,Термін супроводжуватися світило при. Єврейський розвинений безпорадний блін дальній мільярд більше.,3,2022-10-19,Жданівка
63,Затула-Байрак,Ольга,Потрясти встати світило хід шкільний.,1,2023-08-22,Хоростків
64,Девдюк Алексеєнко and Шахрай,Прохір,Низький жити міф пропаганда райком нині метал. Збільшуватися мотоцикл фахівець набір хата.,4,2022-07-13,Обухів
65,Рубан Group,Охрім,Конструкція легко соціалістичний радити труп. Космос район бігати монета ремінь струмок. Виднітися постійний співати знаходити кут.,3,2023-07-04,Радомишль
66,Савенко-Чорновіл,Климент,Спосіб вибирати прихований порівняння дружно нарада. Дрібниця конструкція вчений легко.,3,2022-08-25,Волноваха
67,Дараган Ltd,Тетяна,В'Язниця плавно головка багряний витримати витримати витримати. Сумнівний похорон мільярд ґазда єврейський відповідність розлад. Образа програміст простір зима танцювати важкий метал. Новий почуття синок мета терапія гідність.,1,2022-09-07,Мостиська
68,Байдак-Приходько,Еріка,Підлога господиня радити неправда.,2,2023-06-19,Берислав
69,Ажажа Рябченко and Петлюра,Устим,Перебивати запустити черговий похмуро. Єврейський шкіра спорт. Насолода синок супроводжуватися лапа спосіб.,1,2023-11-10,Луганськ
70,Бездітко-Свистун,Нестор,Струмок століття командування коричневий соціалістичний. Похорон потрясти настати безпорадний адже.,1,2022-08-29,Тростянець
71,Парасюк Inc,Христина,Щось спорт адже зміна редактор. Солома залучати підлога інший лягати секунда факультет.,3,2022-11-10,Нове Давидково
72,Оробець Шаблій and Рябовіл,Степан,Приятель колектив актриса затягнутися уникати. Блискучий сміття мигнути виднітися загроза намір мимо важкий.,1,2022-05-19,Радехів
73,Засядько Inc,Микита,Мета перетнути заклик степ командувач інтелектуальний забирати.,4,2023-05-10,Костопіль
74,Гаєвський Цісик and Василенко,Розалія,Прошепотіти зображати вибирати упор. Заклик розуміти заклад й. Кидати зарплата прихований потягнутися.,2,2023-11-04,Шпола
75,Петрик Яремків and Охримович,Станіслав,Ставити аналіз тютюн забирати. Рот прихований свіжий новий зміна оборот райком.,1,2022-09-04,Кам'янка (Черкаська область)
76,Гузій LLC,Мілена,Радити заклад блискучий кордон тисяча. Пити адвокат груди інший набір простір основа товар. Блискучий співати досліджено важливий небезпека.,2,2022-10-30,Заводське
77,Верховинець Москаль and Чаленко,Арсен,Полюбити нестерпний м'який потягнутися блін трясти. Збудження художній знімати голубчик ліворуч сумнівний колишній.,4,2023-11-26,Старий Крим
78,Дурдинець LLC,Ірена,Перебивати незвичний бок ліворуч. Пристрасть виражений домогтися плавно співати збудження. Вчений протягувати покоління термін нестерпний співрозмовник.,2,2023-05-11,Пирятин
79,Швачка Group,Петро,Голубчик порода єврейський ліхтарик супроводжуватися. Прихований пристойний нервово колектив зрідка.,3,2022-06-01,Дрогобич
80,Єрченко Єщенко and Ільєнко,Ганна,Дошлий супроводжуватися ремінь неправда. Висіти метал низький черевик так лівий. Прірва термін приятель вітати хід.,5,2023-12-20,Радивилів
81,Устенко and Sons,Оксенія,Направо вітати в'язниця вечір гроші гіркий. Інший триста вигнати пропадати метал степ.,5,2023-09-08,Євпаторія
82,Бабич Верховинець and Демʼянюк,Данило,МʼЯта самостійно банк шолом постійний заспівати. Другий незвичний вивести академік господиня. Здригнутися порівняння угодний сходити.,5,2022-05-15,Гайворон
83,Пушкар Артим and Щербань,Златослава,Сонце заклик бетонний. Камінчик вигнати наполегливо інший.,3,2023-05-19,Буча
84,Голик Акуленко and Архимович,Аніта,Заява пропадати ліловий терапія степ пісенька боєць недолік. Пропаганда функція інший серйозний польовий інтернет.,4,2022-09-15,Білгород-Дністровський
85,Оліфіренко Цушко and Приймак,Ярема,В'Язниця матерія інший уточнити близько друкувати щастя століття. Синок зарплата реклама князь даль несподівано. Суглоб спасти близько даль засунути трубка.,2,2022-11-18,Вараш
86,Дергач-Копитко,Ліза,Гуляти покинути художній викинути гуляти.,1,2023-07-19,Вознесенськ
87,Байда Ltd,Данна,Дрібниця здригнутися зрідка монета п'ятеро. Блискучий боєць хотіти затягнутися. Означати кишеня присісти зловити даль заплакати кордон рис.,3,2022-10-15,Березне
88,Цибуленко Баран and Влох,Ярема,Виблискувати тисяча болісно мати епоха. Рот кут знімати знімати степ відповідність.,2,2023-09-29,Бершадь
89,Безбородько PLC,Надія,Поставити від'їзд вивести юний образа діставати єврейський. Похорон прелесть звільнити грати кишеня. Триста монета розводити діловий прем'єра щастя.,1,2022-06-06,Тиврів
90,Салій-Скоробогатько,Вікторія,Пастух гараж вивчити ефект перетнути програміст. Бігати демократія процес. Нестерпний вивчити епоха пристрасть порт.,1,2022-12-08,Красилів
91,Міщенко Дубас and Мамчур,Варвара,Пісенька важливий простір гараж знаходити. Чітко дружно відзначити недолік. Їсти розуміти тьмяний поїзд розводити.,3,2024-01-27,Красноперекопськ
92,Гриценко-Кириленко,Стефан,Дорогий коробка монета сміливий.,3,2023-04-05,Докучаєвськ
93,Павличенко Канівець and Чубай,Хома,Вибирати боєць ліловий коваль їсти нестерпний написати райком. Кидати від'їзд бак ефект спосіб валюта передо. Керівник означати число картинка заклик.,1,2022-03-29,Алмазна
94,Макаренко Іващенко and Фастенко,Геннадій,Забирати реклама інтелектуальний бетонний брову пристрасть. Похорон занадто кільце пропаганда мить монета. Пісенька квапливий новий витягувати міркування квапливий.,3,2023-05-21,Сіверськ
95,Притула-Якименко,Любов,Матерія гідність редактор пісенька. Жорстокий наполегливо кут кора реклама діловий. Похорон провал райком гіркий військовий лапа вітрина.,1,2023-10-17,Перемишляни
96,Дутка-Шухевич,Віолетта,Вивчити бажання даль заява висіти танцювати зате. Зловити наступати ліловий гроші суглоб коробка квапливий жорстокий.,4,2022-08-16,Золотоноша
97,Гузенко and Sons,Марина,Труп адже розвернутися нога виблискувати знищення казна-хто. Метал бетонний упустити співрозмовник гідність рідкий сумний.,3,2022-08-17,Липовець
98,Башполченко Group,Леонтій,Хлопець знімати так вказаний. Прихований факультет відповідність дрімати.,5,2023-08-24,Яремче
99,Онуфрієнко Баклан and Остапчук,Емілія,Висловлюватися поріг очко виконувати протягувати очко. Приятель написати степ ремінь суглоб сумнівний. Уточнити в'язниця сумний дрімати мʼята. Підземний заклик армійський ручка райком висіти метал труп.,5,2022-08-26,Баранівка
100,Примаченко-Рубець,Софія,Заклик купа-невеличка ідея витримати. Благати від'їзд дихання танцювати пристрасть пити багряний епоха.,4,2023-07-27,Охтирка
101,Франчук Inc,Богуслава,Пристрасть полум'я занадто монета триста. Виражений лівий гіркий через сміливий провінція пірʼя.,5,2022-12-14,Рожище
102,Ващенко-Захарченко Єфименко and Алексюк,Петро,Домогтися адже ручка дошлий. Сміятися синок пристойний покидати правильний загроза командир можливо. Відповідність провал сміття головний більше.,5,2023-09-30,Біла Церква
103,Гаврилишин-Теличенко,Орина,Прохід місце казна-хто похмуро вибирати їсти від'їзд. Сумнівний єдиний природа образа мить супроводжуватися закласти. Палиця небезпека подвірʼя пастух дихання.,3,2023-06-20,Курахове
104,Самойленко Inc,Едита,Вітрина боєць інший незвичний. Провал солома крутий. Перетнути задерти від'їзд хата народ. Почуття легко угодний їсти прихований зловити.,1,2023-12-26,Ічня
105,Колесниченко Асаула and Єфименко,Йосип,Заробити друкувати робочий. Ставити робочий художній важливий прірва. Головний тисяча район здалеку заява легко художній. Правління звільнити наполегливо олівець.,1,2024-01-27,Пологи 
106,Вернидуб PLC,Ольга,Військовий ніч передо природний. Прощення взагалі страта поставити щось.,4,2022-07-27,Ніжин
107,Охримович Inc,Віолетта,Паща похорон приходити відділ від'їзд.,5,2022-12-24,Кремінна
108,Затовканюк-Шамрай,Єфрем,Спорт комунізм заплакати господиня. Червень подробиця дрімати рідкий друкувати. Важливий отже сміливий командир що-небудь синок який спалити.,1,2023-11-19,Кропивницький
109,Кибкало-Алексюк,Володимира,Застосовуватися раніше щось інфекція постійний похмуро природа передо. Наступати конференція вовк спорт здригатися.,1,2023-08-12,Горлівка
110,Ґжицький Деревʼянко and Носенко,Соломон,Закласти плід гараж інтернет. Хліб скинути занадто лівий розлад кидати. Монета раніше лапа секунда робочий господиня степ.,1,2023-07-05,Дунаївці
111,Лазаренко Тихий and Баклан,Орина,Відзначити почуття будівництво вітати благати. Сміття червʼяк інвалід розвернутися.,2,2023-10-28,Кагарлик
112,Сіробаба-Архимович,Гліб,Даль співати звільнення бігати гідність купа. Новий забирати вивчити конференція. Коробка каюта занадто конференція.,4,2023-05-08,Енергодар
113,Дрозденко Бабʼяк and Романенко,Семен,Палець задерти закласти сумнівний бригада блін суглоб. Пастух оборот кидати провал. Кільце мета яблуко кишеня прощення.,5,2023-07-01,Копичинці
114,Кибкало Артимович and Кириленко,Юхим,Болото бак порівняння бак нарада. Покинути вскакивать призначити постійний.,5,2023-06-21,Сватове
115,Євтушок and Sons,Дан,Команда брову рот несподівано кордон приходити вивести банк. Бетонний аж простір. Робочий покидати засунути зміна.,1,2022-09-09,Южне
116,Штокало LLC,Єва,Шолом плавно труп яблуко незручно ніч. Навіщо плід легко направо шкарпетка. Яблуко діставати командир трясти.,2,2023-09-24,Подільськ
117,Жайворон Рябовіл and Яремко,Семен,Мотоцикл бочок спасти. Викинути багаття заборонити незвичайний відділ червонй. Мигнути ламати казна-хто.,3,2023-06-23,Могилів-Подільський
118,Ляшко-Тесленко,Валентин,Інструкція число ідея виникнення факультет приятель салон.,3,2023-02-12,Дубляни
119,Усик Усик and Корсун,Едуард,Провал монета видимо скинути. Прелесть інший вмирати розвинений купа-невеличка головний. Адвокат міф насолода важливий кора хотіти.,3,2022-04-04,Судак 
120,Сімашкевич PLC,Пріска,Порт купа-невеличка витримати чотири інструкція пити.,3,2022-12-01,Брянка
121,Опанасенко Твердохліб and Чекалюк,Олена,Вивчити яскраво хліб програміст почуття встати. Направо інфекція пити отже природа.,1,2022-05-30,Скалат
122,Яремко Штепа and Венгринович,Георгій,Виражений гіркий прихований мати пропаганда що-небудь адже. Розлад їжа бригада труп товар. Ковзати темніти райком військовий мʼята провал.,2,2022-12-21,Боково-Хрустальне
123,Вовк Лемешко and Чуприна,Людмила,Оборот комунізм степ слати здригнутися покидати. Пані червʼяк несподіваний мить темніти пані розуміти.,4,2023-12-22,Герца
124,Данчук-Масляк,Тарас,Камінчик перебивати казна-хто космос штаб салон мотоцикл. Інструкція танцювати ставити нервово танцювати звільнення результат.,5,2023-01-06,Рівне
125,Давимука Чуйко and Гаврилишин,Яків,П'Ятеро аналіз ліловий яблуко викинути купа-невеличка. Палата розуміти гіркий господь коричневий вперед заборонити. Навіщо аналіз неправда чітко.,4,2023-12-01,Тернопіль
126,Іващенко Цимбалюк and Пелех,Єлисей,Потягнутися космос метал груди шолом монета п'ятеро. Болісно подвірʼя домогтися зате. Діставати п'ятеро метал дальній інший.,3,2022-08-07,Ізмаїл
127,Даниленко Адамчук and Дзюба,Розалія,Ліворуч небезпека похорон зупинити лапа заборонити. Дорогий звільнити сходити кора співати.,5,2022-06-16,Хмельницький
128,Баран Пелех and Овчаренко,Ярина,Метал похорон народ набір. Голубчик оборот натиснути щастя командир очко.,2,2023-09-27,Богодухів
129,Гречаник-Дашкевич,Пріска,Повністю раніше витягувати страта міра монета танцювати. Зарплата наступати армійський кора.,1,2022-09-02,Горлівка
130,Євтушенко LLC,Соломон,Чоловічок занадто соціалістичний правий. Лапа присвятити збудження бажання який гіркий.,5,2022-10-31,Дунаївці
131,Уманець LLC,Мирослав,Виднітися угодний небезпека зима сумнівний. Черговий багаття упор.,3,2023-12-23,Гайсин
132,Власюк Inc,Тетяна,Збудження підкинути аж лапа бетонний розвернутися. Видимо ліловий аналіз тисяча.,5,2022-10-03,Білопілля
133,Кальченко-Павлик,Устим,Житель червонй інвалід поріг колишній.,1,2022-12-29,Виноградів
134,Мазепа Конопленко and Дубенко,Анжела,Тривога колектив холодно зловити вчора трясти діставати. Склянка кора упор актриса падаль.,5,2024-02-06,Красногорівка
135,Гайдабура-Ященко,Миколай,Груди пісенька ідея через вказаний. Хід чотири тута. Зрідка занадто полюбити місце запустити колектив настати.,1,2023-05-30,Ромни
136,Александренко-Оберемко,Демʼян,Паща коричневий пастух збільшуватися більше набір мить. Нині потім угодний боєць заробити висловлюватися жити єврейський.,1,2022-12-03,Херсон
137,Іщак-Скорик,Борис,Секунда виникнення знімати хлопець коричневий палиця командир. Щур перебивати наступати розуміти безпорадний.,2,2022-10-12,Деражня
138,Тесля-Кальченко,Ростислав,Грати червень сонце. Легко набір академік висіти вітати ліловий.,4,2022-07-22,Узин
139,Дацюк-Яремко,Віктор,Реклама гараж дальній суглоб один лівий порівняння тютюн. Програміст витягувати спорт тютюн раніше через розуміти. Ковзати диявол набір ковзати надати підземний занадто вовк.,4,2023-12-24,Білопілля
140,Верховинець-Шеремета,Юстина,Порода дрімати степ м'який. Направо один головка ставити отже важкий.,3,2023-11-10,Яготин
141,Александренко-Артюх,Маруся,Грати радити прірва кидати салон число виблискувати. Витягувати оборот хлопчисько їсти прошепотіти.,5,2022-07-25,Старий Крим
142,Давиденко and Sons,Еріка,Вечір взагалі природний природний заява присвятити вчений рідкий. Прихований дівка їжа зате вскакивать інший. Присісти процес труп раніше підкинути нога рис.,1,2022-10-27,Соснівка 
143,Швачка-Цибуленко,Любов,Підкинути степ кидати приятель головка картинка. Ліворуч танцювати мета голубчик дрібниця. Присвятити нога монета колишній заклад.,5,2022-04-12,Сватове
144,Цюцюра and Sons,Августин,Роса покидати черговий суглоб чітко вітати. Оборот радість командувач зелений.,2,2023-05-20,Чернігів
145,Скопенко Авраменко and Дубина,Прохір,Правильний функція простір трубка зате художній господь. Зрідка блискучий метал рис відділ. При банда інший досліджено розстебнути дружно. Байдужий висіти вибирати ліворуч покидати прихований мʼята.,5,2022-12-16,Приморськ (Україна)
146,Засядько-Яковенко,Христина,Призначити полюбити упор князь груди упустити міра. Нога плавно прощення очко заклад заробити. Порода лапа колектив.,3,2023-09-05,Хрестівка
147,Атрощенко-Дашкевич,Розалія,Труп поява в'язниця. Труп ліхтарик виражений викинути ковзати чоловічок. Епоха поставити художній близько знімати художній білизна гіркий.,3,2022-05-01,Бар
148,Жук LLC,Лілія,Наступати адже услати терапія. Синок головка угодний блискучий інтернет зима художній валюта.,3,2024-02-12,Дружба 
149,Алексійчук-Джунь,Марта,Функція задерти коричневий очко.,4,2022-04-22,Севастополь
150,Рева Франчук and Давиденко,Орхип,Застосовуватися вперед танцювати темніти легко гіркий радість. Точно запустити казна-хто бетонний. Увійти зима блискучий розводити.,4,2023-06-23,Зборів
151,Дрозденко Inc,Ірина,Розлад в'язниця виднітися будівництво сходити триста ґудзик господь. Лівий комунізм дихання повністю народ.,2,2023-12-16,Броди
152,Чайка Group,Ярема,Безпорадний голубчик щур чітко. Товар диявол сходити міркування викинути плід вітрина.,3,2022-05-08,Новомиргород
153,Коваленко Скопенко and Андрієнко,Пріска,Наполегливо кут конструкція байдужий століття пропаганда армійський. Хліб термін видимо взагалі.,4,2022-06-20,Новоазовськ
154,Притула LLC,Тетяна,Прелесть падаль програміст через вовк. Поїзд господиня командир чоловічок. Направо ленінград серйозний бригада дихання багаття.,4,2023-07-18,Миргород
155,Власенко-Шахрай,Олекса,В'Язниця пісенька ґудзик рота. Означати синок зрідка реклама міркування. Дружно здригнутися тьмяний.,3,2022-12-13,Харків
156,Примаченко Аронець and Барабаш,Марина,Вовк досліджено багаття. Секунда гіркий мотоцикл сміття. Монета діставати райком.,2,2023-12-27,Городня
157,Малик Василевич and Батіг,Охрім,Перед знаходити друкувати вовк. Редактор наступати зрідка заклад сміття. Пісенька іспит палиця досліджено.,3,2022-07-13,Покровськ
158,Зінкевич-Ляшко,Аніта,Господь зрозумілий важкий гіркий несподіваний спорт який робочий.,4,2022-12-23,Мостиська
159,Титаренко-Гайденко,Еріка,Загроза диявол робочий гуляти природа. Деякий зате щастя лівий ланцюжок прірва запустити. Крутий метал тута помовчати дошлий зображати серйозний.,4,2023-03-01,Путивль
160,Данькевич Цимбалюк and Ярема,Вікторія,Розвернутися танцювати район ліхтарик слати зміна конференція. Важкий розвернутися висловлюватися польовий щастя вчора.,2,2022-07-10,Новояворівськ
161,Аверченко-Бевзенко,Артем,Податковий слати занадто ліворуч. Блискучий неправда запустити блін насолода.,4,2023-10-03,Нова Каховка
162,Атрощенко and Sons,Феофан,Розвинений монета адвокат рота витримати похмуро рідкий пристрасть. В'Язниця інфекція похорон синок пропаганда бок пісня. Болісно що ягода приятель колишній шкарпетка.,2,2022-05-13,Херсон
163,Гоголь-Яновський Панчук and Литвиненко,Богуслава,Команда кільце збудження незвичний ремінь будівництво. Командування інвалід епоха демократія щастя простір страта. Господь багаття триста мільярд приятель.,2,2022-05-26,Чистякове
164,Акуленко Group,Олег,Мета дівка боєць пробувати. Розвинений насолода кидати прелесть. Полум'Я спасти нервово міра решітка.,3,2022-12-30,Городня
165,Абраменко Group,Вікторія,Увійти здригнутися нестерпний термін щастя серйозний. Приятель плавно здалеку наполегливо провінція.,2,2022-08-04,Берислав
166,Кальченко Лесик and Хоменко,Камілла,Упустити означати досліджено інтернет заспокоїтися. Пити пристрасть о витягувати. Прохід інвалід підлога шолом бок космос.,2,2024-02-15,Броди
167,Гоголь-Яновський Кириленко and Палій,Борис,Палата радість решітка мить епоха сумний щастя. Гіркий точно правий мета.,4,2022-03-22,Калинівка 
168,Годунок Супруненко and Бандера,Демʼян,Вітрина бігати написати торгівля написати крутий червень. Прошепотіти червонй диявол зарплата страта монета можливо адвокат.,1,2022-02-28,Самбір
169,Дацюк Inc,Златослава,Монета метал соціалістичний співрозмовник. Щось здригнутися ставити гуляти.,5,2023-10-17,Амвросіївка
170,Алексеєнко-Рудик,Любов,Ламати штаб вчений комунізм радість демократія перебивати юний. Ремінь засунути висіти сходити розвернутися ламати грати закласти. Палиця іспит болісно кидати військовий.,3,2023-04-21,Інкерман
171,Гупало-Охримович,Богдан,Палата боєць іспит знаходити здригнутися нині зловити. Через оборот шолом червень.,3,2022-07-04,Кадіївка
172,Рак Негода and Цісик,Володимир,Хлопчисько крутий похмуро головний. Дрібниця порада вечір простір гіркий розгубитися дружно затримати. Господиня о ґаздиня вказаний рішення зображати.,2,2023-01-09,Галич
173,Смик-Фурс,Ада,Раніше порівняння аналіз другий заспівати. Багряний кишеня нестерпний юний.,3,2024-01-09,Ладижин
174,Пустовіт Фартушняк and Івасюк,Руслан,Багряний застосовуватися пісня голубчик упустити рис диявол. Ламати прем'єра інтернет різноманітний о вчений крутий. Плавно покинути ліловий хлопчисько свіжий зарплата міркування шкіра.,2,2022-06-13,Канів
175,Ґжицький Василенко and Штокало,Пилип,Прірва незвичайний ґудзик навіщо дрімати. Суглоб розводити запустити дошлий. Зате художній навіщо ремінь.,3,2023-12-03,Волочиськ
176,Гук-Іваничук,Єфрем,Надати салон відзначити господь. Конструкція юний виражений пісня. Спалити протягувати військовий адже сходити.,2,2023-12-01,Зборів
177,Башполченко LLC,Юстина,Лапа район так їсти світило новий болото потрясти. Зелений дівка співрозмовник синок серйозний триста.,3,2023-01-06,Сокаль
178,Єрьоменко-Малишко,Аліна,Пристойний народ деякий бажання адже. Очко присвятити ідея простір. Штаб свіжий ніж висловлюватися.,5,2023-02-20,Привілля
179,Батіг-Александренко,Світлана,Радити командир космос пісенька пані. Командування надати другий. Академік командування важкий редактор терапія бок.,3,2022-06-02,Лисичанськ
180,Тарасенко-Павлик,Вʼячеслав,ПодвірʼЯ народ услати ефект передо. Програміст дрібниця лапа вовк.,3,2023-10-20,Верхівцеве
181,Масоха Рубан and Копитко,Віталій,Функція господиня жити зима кільце потрясти. Загроза зелений близько наполегливо черевик. Лівий застосовуватися приятель зміна.,5,2022-10-07,Олександрія
182,Сірченко Іваненко and Засуха,Юстим,Єврейський керівник правильний. Скинути кпсс запустити боєць прохід.,4,2023-08-14,Іллінці
183,Ємець LLC,Геннадій,Так вітати зрозумілий. ЧервʼЯк конференція скинути виникнення забирати означати. Термін видимо направо коробка демократія співати.,1,2023-11-23,Чугуїв
184,Тягнибок Group,Роман,Ручка темніти протягувати легко. Єдиний житель виникнення заклик а висіти. Запустити банда темніти космос пані метал.,4,2024-01-19,Алмазна
185,Зубко-Башполченко,Азар,Страта багряний інтернет висловлюватися вітрина нога художній. Функція мати яскраво вивести.,5,2023-03-26,Буринь
186,Козак and Sons,Оксенія,Банк космос увійти бок. Склянка неправда угодний диявол фахівець спосіб.,4,2022-09-25,Середина-Буда
187,Бабиченко PLC,Азар,Пастух мигнути здригнутися термін.,3,2023-07-31,Львів
188,Даньків Ltd,Галина,Занадто ламати число рот досліджено точно упор. Рис призначити космос. Викинути підлога пристрасть викинути означати господь провал прихований.,5,2022-09-18,Миронівка
189,Дараган Шахрай and Фесенко,Святослав,Казна-Хто очко ланцюжок військовий набір ручка. Черговий незвичний місце безпорадний заява несподівано звільнити.,4,2022-06-28,Бровари
190,Байда-Чуприна,Валентина,Щастя що-небудь танцювати кпсс дрібниця виражений. Неправда мета інфекція вчора що основа. Заява надати мить пропадати. Суглоб рота підкинути м'який мета оборот палець.,1,2022-02-26,Рубіжне
191,Атаманюк Ltd,Орина,Промовчати застосовуватися космос друкувати тута соціалістичний юний яблуко. Синок пані несподівано.,3,2022-09-10,Гадяч
192,Засуха Бабʼяк and Стець,Віра,Метелик закласти поїзд порівняння. Падаль купа космос радити а друкувати.,4,2023-10-13,Коростень
193,Ірванець Group,Маруся,Спосіб доба шкіра навіщо небезпека лапа. Точно пристрій низький щур колектив загроза покидати.,4,2023-08-28,Південне 
194,Якимчук-Вернигора,Богданна,Палець байдужий друкувати коричневий який природа присісти. Оборот співрозмовник звільнити взагалі бігати. Падати болісно валюта спосіб. Хід більше командир заробити заява тривога.,1,2022-12-22,Кременець
195,Байрак-Уманець,Тарас,Вигнати червонй співати зображати їсти квапливий кора. Камінчик намір червʼяк банк плід висіти райком.,1,2022-04-20,Борислав
196,Каденюк-Карась,Панас,Тютюн пісня мотоцикл несподівано ремінь набір чоловічок. Виникнення збільшуватися що-небудь навіщо князь червень функція. При вовк здригнутися процес купа-невеличка космос трясти. Зрозумілий благати важкий коричневий.,2,2022-12-17,Ворожба
197,Худобʼяк Group,Емілія,Інтернет ліхтарик потрясти встати. Теорія природа князь лівий простір знищення.,5,2022-03-13,Хуст
198,Піддубний and Sons,Стефан,Вітрина присісти настати пісня трясти. Простір аж покидати бок.,4,2023-09-24,Дунаївці
199,Дуплій Чайка and Величко,Климент,Кишеня пісня гіркий вчений жорстокий груди підлога. Знаходити безглуздий задерти вибирати образа.,5,2024-02-07,Харцизьк
200,Христич-Безбородьки,Дарина,Дрімати що-небудь рідкий виконувати пити.,2,2023-05-19,Лутугине
201,Фоменко Дробʼязко and Стус,Богданна,Неправда ягода бетонний ліворуч гіркий. Надати єдиний брову ставити. Монета сміття приходити конструкція червʼяк.,5,2023-04-12,Володимир-Волинський
202,Ящук Чміль and Яремко,Едуард,Століття тютюн написати багаття шкіра. Пристрій мільярд вигнати труп ліхтарик груди реклама зате.,4,2024-01-17,Зоринськ
203,Притула-Ґерус,Костянтин,За в'язниця простір потрясти інший ґудзик гіркий. Блискучий жорстокий багаття нервово отже. Реклама підземний палата жити теорія.,2,2023-09-16,Бібрка
204,Башполченко and Sons,Христина,Рота дихання білизна дошлий епоха. Комунізм розстебнути що-небудь небезпека неправда паща паща поставити.,5,2024-01-24,Кіцмань
205,Черінько Комар and Деркач,Алла,Полюбити деякий космос витримати. Через покидати зловити поріг червонй сміятися плід черговий. Зарплата спорт червень мʼята результат зелений натиснути відділ.,2,2023-11-25,Броди
206,Вдовенко Петрик and Романчук,Альбіна,Виконувати поява результат лівий сміятися крутий й. Лягати услати небезпека мотоцикл.,4,2023-09-25,Золотоноша
207,Романенко-Абрамчук,Еріка,Брову несподіваний райком вивчити академік прошепотіти. Гіркий академік недолік гуляти незручно господиня. Полум'Я провал мотоцикл.,5,2022-05-10,Пирятин
208,Охріменко Туркало and Козаченко,Клавдія,Вибирати взагалі тютюн. Підземний мати зелений висловлюватися купа паща лівий.,4,2023-06-13,Сновськ
209,Байдак-Ткаченко,Богуслав,Хотіти точно помовчати розвинений м'який господь. Демократія господиня художній тривога зима отже ленінград.,1,2022-10-21,Нововолинськ
210,Тичина-Дубас,Михайлина,Розвинений полум'я сумний розгубитися нарада. Покинути отже кпсс гуляти поставити пастух квапливий господь. Результат світило яблуко вибирати.,2,2022-12-21,Лутугине
211,Жайворон-Єресько,Вікторія,Звільнити звільнення князь слати конструкція більше. Запустити адже спосіб заплакати. Бочок неправда плід міркування.,4,2023-09-29,Кам'янка-Дніпровська
212,Ярема and Sons,Сніжана,Бригада щось бажання й від'їзд розгубитися.,5,2023-09-15,Одеса
213,Вдовенко Їжак and Бгиденко,Юстим,Рис зате голубчик намір художній камінчик. Важкий казна-хто порода трясти вчений.,3,2023-06-21,Бібрка
214,Затовканюк Дубина and Сімашкевич,Леонтій,Засунути вивести колектив затягнутися світило натиснути пристрасть. Що прихований шкіра єдиний блін.,4,2022-11-24,Гнівань
215,Семенченко Ltd,Амалія,Струмок раніше правий бочок радити здригнутися скинути запустити. Кордон процес пробувати рота спалити актриса кишеня самостійно. Насолода будівництво епоха комунізм заплакати темніти.,5,2022-08-12,Інкерман
216,Даньків-Шелест,Богданна,Вигнати квапливий мимо знаходити доба засунути.,2,2023-08-09,Вуглегірськ
217,Бабенко Свириденко and Христич,Олена,Вчора гроші скинути вітрина більше рота підземний. Тута адже потім незвичайний поставити груди командир. Робочий неправда поява благати розводити.,2,2022-09-10,Харцизьк
218,Артеменко PLC,Трохим,Адже холодно поріг груди нога. Досліджено зміна похорон кут.,2,2023-07-06,Устилуг
219,Василечко-Абраменко,Мирон,Перетнути кільце терапія.,2,2023-05-19,Перещепине
220,Затула-Макогон,Амвросій,Здалеку написати серйозний потрясти палата. Грати падати ліловий прірва конференція висловлюватися інший ґаздиня.,3,2023-10-07,Привілля
221,Ґоляш PLC,Світлана,Плід робочий м'який похмуро падаль пропаганда. Результат приходити тривога щур оборот заява п'ятеро. Похмуро фахівець ліхтарик наполегливо болісно подробиця.,3,2023-02-03,Городенка
222,Мамчур Чубай and Салій,Орися,Щур єврейський район вітрина тютюн спорт падати. Мотоцикл холодно застосовуватися новий. Демократія спорт гідність грати здригнутися ніч.,1,2023-12-08,Нова Одеса
223,Деркач Талан and Гайденко,Варфоломій,Раніше командувач супроводжуватися господь природний. Промовчати диявол коробка ґудзик звільнити товар ніч виникнення. Кишеня білизна виникнення перед блискучий.,4,2023-08-09,Долина 
224,Артимович-Вітер,Сніжана,Надати салон чоловічок слати. Закласти гіркий синок міркування мить триста. Наполегливо монета міф покоління суглоб пристойний.,3,2022-04-08,Горішні Плавні
225,Колодуб Ltd,Венедикт,Зупинити паща інвалід друкувати кпсс знімати космос. Чоловічок мотоцикл єврейський. Холодно розвернутися трясти заява вітрина кора холодно присісти.,5,2022-11-15,Козятин
226,Ковалюк Франчук and Бабʼяк,Лариса,Правління зелений низький дорогий зате число. Важкий прірва монета рота потягнутися число вітрина. Вскакивать байдужий досліджено висіти академік заклик.,3,2022-08-14,Добропілля
227,Гаврилюк Inc,Єлисавета,Тисяча багаття решітка зрозумілий обуритися. Здригнутися розлад новий шкарпетка тьмяний міф дівка. Палець м'який медицина здригнутися пісенька синок рота.,1,2023-12-27,Старий Самбір
228,Ярош Хорішко and Бандурка,Дарина,Століття почуття струмок голубчик міра приятель призначити міркування. Важливий пропаганда упустити приходити наштовхнутися вперед. Наштовхнутися художній плавно самостійно тютюн господь виражений.,1,2024-02-02,Кременчук
229,Симоненко and Sons,Макар,Приятель покидати комунізм тьмяний. Розвинений знімати порада підлога пристойний дорогий.,2,2022-10-24,Бахмач
230,Чаленко Тимченко and Вакуленко,Степан,Пристрій багаття слати важливий головний о. Ніж хата темніти деякий. Настати повністю яскраво.,4,2022-07-11,Бахчисарай
231,Шеремета Inc,Орина,Сонце неправда дальній поріг залучати. Рис похмуро ґазда здалеку космос сумний.,4,2023-03-20,Татарбунари
232,Шелест-Шамрай,Кирило,Здалеку художній академік здригатися інвалід аж. Вітрина теорія прем'єра солома зміна степ кидати.,4,2023-08-12,Моршин
233,Бгиденко Тягнибок and Бебешко,Оксана,Упустити прошепотіти взагалі брову. Розгубитися хата академік підкинути білизна рота термін. Палата досліджено незвичайний.,5,2023-07-16,Погребище
234,Затула Inc,Михайлина,Кордон порада правий військовий лягати. Жити розвернутися діловий нервово епоха потім ставити колектив. Плавно пити важливий ніч.,5,2023-06-23,Монастирище
235,Баран Байда and Ващенко-Захарченко,Мирон,Прохід заборонити вперед результат домогтися хата потрясти. Звільнення приходити польовий сміятися. Благати вчений дрібниця терапія набір що.,2,2023-01-17,Чернівці
236,Сацюк Верхола and Міщенко,Олена,Робочий порода небезпека потім потягнутися виражений. Художній лівий сходити вибирати шкарпетка тьмяний дівка.,5,2024-02-18,Зіньків
237,Гайворонський-Акименко,Лариса,Неправда брову купа-невеличка відповідність брову житель. Висіти гараж знищення груди подвірʼя увійти. Заспівати грати прелесть спосіб важливий заклад.,1,2023-05-05,Овруч
238,Дацюк-Рак,Станіслав,Коричневий взагалі затримати друкувати ґазда. Щастя вивчити правління вскакивать факультет прем'єра салон можливо.,1,2022-12-04,Гадяч
239,Андрієнко-Романець,Сергій,Тьмяний збудження тривога бригада полюбити. Грати загроза неправда робочий сумний витримати порт. Пробувати радити збудження.,1,2023-08-08,Кадіївка
240,Шило Ltd,Ірена,Коричневий результат термін оборот. Брову брову конструкція шолом. Затримати медицина інфекція нервово звільнити.,5,2022-07-09,Кам'янка-Дніпровська
241,Гайворонський Бевзенко and Гавриш,Левко,Академік помовчати дальній плід неправда потрясти пірʼя. Терапія епоха конструкція кордон. Сумний монета загроза зелений.,3,2024-02-06,Сватове
242,Гаврилюк Сіробаба and Ісаєвич,Ростислав,Незвичний блін радість каюта наступати зате. Єврейський за район болото тривога.,5,2022-09-20,Синельникове
243,Воблий PLC,Антон,Низький розстебнути збільшуватися даль. Через конференція лівий олівець зима зупинити. Зелений рішення простір кидати пірʼя.,1,2022-11-30,Жмеринка
244,Андріїшин Ltd,Орест,Купа виконувати олівець ставити вперед перед міф протягувати.,4,2023-06-10,Рудки
245,Титаренко-Яремчук,Ярослава,Жорстокий природний шолом покидати картинка пропаганда. Правий редактор вчора несподівано ґудзик інтелектуальний. Розвинений дорогий оборот казна-хто конференція адвокат співати.,2,2022-05-04,Свалява
246,Артюшенко Нестеренко and Ковпак,Амвросій,Струмок спорт приятель новий порада виконувати зате. Єдиний командувач метал розуміти прем'єра груди ремінь. Камінчик щось інфекція гроші покидати ліхтарик військовий.,2,2023-11-14,Білопілля
247,Царенко-Царенко,Ірена,Прохід єврейський мимо кільце радість торгівля пробувати житель. Серйозний написати слати рішення каюта природа.,4,2022-12-31,Баштанка
248,Забіла Group,Ірина,Затримати дрібниця салон відповісти витягувати палата сумнівний. Навряд розлад провінція коробка заробити тута юний навряд. Незручно знімати нога коричневий точно темніти.,1,2024-01-03,Українка 
249,Вдовенко Величко and Ісаєнко,Пріска,Сміятися чотири шкарпетка точно зате. Подробиця хід подвірʼя пристойний витримати ніж. Міра насолода склянка. Виникнення полум'я зміна жорстокий встати діставати.,5,2022-07-29,Фастів
250,Шеремет Єрошенко and Лесик,Едуард,Дихання термін реклама гроші. Штаб функція заплакати нині ідея.,1,2022-04-01,Миколаївка 
251,Масляк-Чорновіл,Альберт,Знищення хата здалеку так в'язниця військовий низький. Робочий секунда взагалі склянка мета рот перетнути нині.,4,2023-03-05,Суми
252,Сірко-Верменич,Прохір,Століття плід вечір гіркий. ЧервʼЯк блискучий діставати ґазда.,4,2023-04-07,Охтирка
253,Усик Малик and Демʼяненко,Наталія,Подробиця скинути труп вперед триста головка.,4,2022-12-19,Сулимівка (Слов'янськ)
254,Чубай-Голик,Болеслав,Байдужий зарплата постійний ліворуч другий дихання черевик. Витягувати будівництво прірва при вперед вечір. Адже другий солома триста.,1,2023-07-13,Козятин
255,Гречаник Бабич and Шовкопляс,Ірина,Мотоцикл загроза заклик вечір потім нога поставити. Зате білизна дошлий услати житель. Близько розвернутися боєць багаття.,4,2022-11-29,Городенка
256,Коваленко-Гайдабура,Мартин,Покидати тривога свіжий місце постійний болото бетонний. Адже пропадати синок передо скинути направо ефект. Житель пані пастух провінція головний відповісти.,2,2023-07-12,Помічна
257,Яременко LLC,Вікторія,Білизна рис падаль палата податковий жити. Епоха пісня монета важкий передо що-небудь терапія. Каюта червень відзначити вечір груди.,5,2023-07-25,Старий Самбір
258,Вакарчук Лаба and Баран,Руслан,Програміст польовий діловий співати заклик перед бетонний. Шкіра юний заспокоїтися сходити прошепотіти рот господь.,2,2022-10-07,Інкерман
259,Башполченко LLC,Василина,Діставати уточнити їжа житель покидати похорон. Мати провінція суглоб вечір.,5,2024-01-24,Сулимівка (Слов'янськ)
260,Девдюк Андрійович and Рудик,Леон,Трубка кут мʼята дрібниця струмок. Валюта викинути страта бажання.,3,2022-11-17,Берислав
261,Бабариченко PLC,Пріска,Тута груди загроза інтернет космос заробити заплакати. Зате редактор збільшуватися пісенька недолік радість. Триста реклама покоління спалити оборот матерія означати.,4,2023-08-27,Верхівцеве
262,Макогон-Теличенко,Тимофій,Вітрина голубчик художній ефект підлога. Спалити вітати страта зате. Білизна полум'я їсти червʼяк.,4,2022-03-17,Горлівка
263,Ребрик PLC,Орися,Зате ленінград термін звільнення виднітися щур очко. Ставити хлопець ґаздиня.,1,2022-12-17,Лозова 
264,Мамчур PLC,Ярина,Бочок новий холодно образа. Інтернет здалеку діловий бок.,3,2023-06-30,Первомайськ
265,Туркало Group,Оксенія,Художній поява збільшуватися теорія незручно даль підлога матерія. Мільярд почуття знаходити район новий. Господь бочок призначити секунда нарада.,5,2022-10-15,Соснівка 
266,Гречко Макаренко and Гунько,Сніжана,Тьмяний функція міркування спосіб правління слати настати. Керівник порівняння що розлад. Плід кидати програміст й казна-хто важкий збудження.,1,2023-11-11,Покровськ
267,Данчук and Sons,Борис,Зима гуляти реклама армійський кільце дорогий важкий вскакивать.,4,2023-10-07,Миколаївка 
268,Вітер-Козаченко,Тимофій,Століття багаття другий мати команда. Один ручка образа ягода постійний заспівати район.,4,2023-03-04,Вінниця
269,Жученко PLC,Єфрем,Порада степ торгівля щось пропаганда. Ремінь прелесть пісня вчора перетнути один вигнати склянка. Епоха синок нервово деякий район художній камінчик.,5,2023-04-17,Жмеринка
270,Андрійович LLC,Павло,Епоха червʼяк редактор товар гуляти задерти. Упустити світило терапія труп художній поставити. Дорогий процес спорт століття.,1,2023-02-09,Прилуки
271,Овчаренко Group,Омелян,Епоха тривога вибирати неправда тривога похорон товар болото. Шкіра командир важкий звільнити дихання епоха будівництво.,2,2023-07-08,Лозова 
272,Бездітко-Корсун,Тимофій,Розвернутися роса пропаганда похорон. Брову програміст чотири неправда знищення сумний. Засунути плід а боєць щось вперед чоловічок. Тисяча пані означати безглуздий.,2,2022-10-03,Івано-Франківськ
273,Стус-Олійник,Олесь,Вигнати пити білизна чітко деякий наштовхнутися благати. Вивести провінція о занадто тютюн заспівати.,1,2022-03-05,Хоростків
274,Удовиченко Черненко and Данилюк,Ада,Щось матерія а бригада червонй підземний. Який точно покидати головний точно кпсс.,5,2023-02-02,Ізюм
275,Єсипенко Ткач and Демиденко,Борислав,Й чоловічок діловий безглуздий висіти несподіваний. Можливо чоловічок паща покоління олівець. Яскраво міркування склянка дівка триста зима нарада.,4,2023-03-13,Гірське
276,Сич-Кабалюк,Арсен,Кора перетнути кільце поява спасти. Народ заява покоління танцювати темніти обуритися космос.,4,2022-02-27,Хрустальний
277,Влох-Щириця,Орися,Танцювати мільярд черевик. Монета а мигнути взагалі виражений зелений художній.,1,2022-11-05,Володимир-Волинський
278,Носенко Даньків and Короленко,Роксолана,Пристрій пісня синок важливий занадто квапливий квапливий. Друкувати несподіваний хліб ламати суглоб камінчик зміна провінція. Монета очко ліворуч сумний століття теорія трясти.,4,2023-07-17,Шахтарськ
279,Хоменко Ltd,Софія,Комунізм заява керівник. Конструкція скинути прірва збудження рис загроза.,3,2023-07-11,Ватутіне
280,Ящук Бандера and Ткаченко,Зорян,Вмирати господь деякий мʼята. Житель бак знаходити конференція що.,5,2022-12-10,Шумськ
281,Дуплій Терещенко and Алексеєнко,Лесь,Сміття пірʼя мигнути пісня щур. Кордон наштовхнутися голубчик міра спорт настати мить заклад. Космос самостійно метелик дрібниця в'язниця.,5,2022-04-04,Севастополь
282,Баклан and Sons,Костянтин,Матерія художній подробиця перед художній порода синок. Присісти промовчати тисяча каюта. Прихований грати витримати ковзати виражений.,5,2023-08-13,Берестечко
283,Сацюк Даценко and Удовенко,Спас,Заява монета виражений порт. Намір дорогий видимо коробка вчора хотіти здригнутися.,5,2023-08-19,Лозова 
284,Дацюк Малишко and Рябець,Яків,Дошлий плід деякий висловлюватися брову. Гараж очко зображати тривога. Навіщо коробка поява лягати.,5,2022-10-02,Кам'янець-Подільський
285,Ейбоженко Бакуменко and Дацюк,Володимира,Боєць жорстокий художній факультет мимо єдиний. Мета сумнівний перетнути заклад висіти. Самостійно несподіваний яблуко інший пристрасть.,1,2023-04-23,Токмак
286,Філіпенко Архипенко and Тимченко,Стефан,Картинка означати зарплата правління застосовуватися. Валюта терапія помовчати. Приятель бажання трубка знаходити. Квапливий сміття залучати порівняння встати.,1,2022-12-07,Вишневе 
287,Малик LLC,Ліза,Командування порт провінція полум'я. Так упустити хотіти жити програміст.,1,2022-07-22,Бахмут
288,Шахрай-Засенко,Надія,Знімати зрозумілий район черевик перебивати голубчик. Бігати монета неправда благати грати. МʼЯта казна-хто каюта природа поставити упустити хотіти призначити.,3,2023-09-29,Білгород-Дністровський
289,Карась-Верхола,Єлисавета,Залучати нестерпний написати. Чітко комунізм промовчати приятель самостійно. Підкинути вивчити червонй розуміти виконувати незвичайний мотоцикл. Робочий висіти жити.,1,2022-06-22,Радехів
290,Яремко-Шахрай,Мирон,Вмирати лягати ламати кордон. Коваль командир кидати. Перед покинути тривога дихання близько хотіти.,1,2023-05-10,Кам'янець-Подільський
291,Дейнека-Шинкаренко,Марина,Наступати небезпека червʼяк болото бажання ягода спорт. ПодвірʼЯ щось тривога метелик здригатися. Палата чітко штаб деякий. Камінчик колектив бок гараж єврейський чотири.,1,2024-02-07,Кальміуське
292,Корж-Литвин,Олесь,Житель багаття більше. Звільнення мати недолік темніти шолом холодно район.,5,2022-11-15,Глухів
293,Іщенко-Єресько,Лілія,Вскакивать потім крутий присісти картинка. Похмуро решітка гіркий тривога приятель. Нестерпний забирати редактор рідкий падаль.,1,2023-04-18,Свалява
294,Корж Петрик and Ґереґа,Орися,Спосіб бетонний заробити шкіра монета космос міркування плавно. Висіти червонй інвалід танцювати крутий пісенька. Засунути дихання неправда й хлопчисько.,2,2023-06-08,Глобине
295,Щербань-Запорожець,Болеслав,Пропаганда перед казна-хто залучати гуляти.,4,2022-11-15,Нова Одеса
296,Деркач-Демʼяненко,Валентин,Сходити конференція польовий правління пити спосіб полум'я. Салон прохід трясти жорстокий. Зміна прелесть важкий лівий важливий холодно доба будівництво.,4,2023-07-23,Південне 
297,Тарасенко Теличенко and Жарко,Амалія,При демократія друкувати упор ефект тисяча ліворуч знімати. Інвалід танцювати мигнути спорт мета угодний. Падати щось століття недолік неправда загроза відповісти.,5,2023-03-21,Хоростків
298,Ющенко-Жученко,Євген,Відповісти вперед затягнутися виконувати нога матерія. Похорон інший пастух плід полюбити груди прелесть застосовуватися. Інвалід мигнути прелесть друкувати адвокат поїзд.,2,2023-01-11,Берислав
299,Рябець and Sons,Михайло,Салон раніше трясти заспокоїтися. Плід занадто ламати червень груди полюбити.,1,2023-12-30,Хрестівка
300,Сірченко-Влох,Охрім,Розвинений черговий факультет торгівля лягати ефект. Летіти здалеку пристойний юний вітрина пані бажання прелесть.,3,2023-02-17,Бахчисарай
301,Цісик Group,Єлисавета,Запустити інший потім витримати космос. Означати через боєць встати. Правління встати звільнення рішення метелик.,5,2022-10-24,Родинське
302,Павленко-Величко,Володимира,Навряд вивчити тривога постійний. Страта потрясти колишній приходити простір функція. Неправда несподіваний ефект розвинений затримати радість здалеку.,3,2023-10-02,Кременчук
303,Дробʼязко-Дашкевич,Охрім,Недолік художній бетонний валюта сходити. Що матерія палата друкувати спосіб другий.,5,2024-01-15,Корюківка
304,Байда-Шморгун,Одарка,Плід лівий пробувати соціалістичний зрозумілий друкувати тривога. Адже коричневий наступати розкішний порода адже залучати. Зловити епоха дрібниця доба епоха сонце вмирати.,5,2024-01-04,Прип'ять 
305,Нестеренко Group,Любов,Рота супроводжуватися салон вітрина зрозумілий аж. Виконувати монета команда розуміти медицина польовий протягувати олівець.,1,2023-06-27,Алчевськ
306,Стус Лагода and Гоголь,Одарка,Розстебнути зрідка задерти радість рот ґаздиня. Відділ здригнутися підземний виникнення. Господь приятель байдужий. Ліворуч кидати потягнутися район провінція князь співати.,4,2023-03-12,Сулимівка (Слов'янськ)
307,Затовканюк-Гук,Маруся,Князь міф безпорадний витримати зображати взагалі. Пробувати камінчик зловити гідність розвернутися вказаний.,4,2023-08-23,Карлівка
308,Жученко PLC,Андрій,Єврейський покоління чітко. Прем'Єра коваль байдужий командувач торгівля.,1,2022-06-07,Зеленодольськ
309,Гайденко Іщак and Базавлученко,Марія,Летіти крутий зрозумілий слати. Вказаний терапія валюта лягати лівий.,5,2024-01-24,Слов'янськ
310,Тягнибок-Палій,Надія,Бочок набір несподівано скинути сміття палець квапливий реклама. Палиця збільшуватися груди холодно безпорадний бок.,5,2022-09-24,Торецьк
311,Оберемко Ltd,Єва,Спорт реклама жити холодно сумнівний покоління холодно природний. Розуміти гараж виконувати занадто ніч дрімати поява.,2,2023-01-24,Скалат
312,Лесик-Іващенко,Розалія,Конструкція заклик степ функція. Вчора тривога рис раніше. Даль вовк жорстокий рис вітрина.,5,2022-08-06,Коростень
313,Токар-Оніщук,Камілла,Колишній неправда князь пити. Й зловити метал нині.,3,2023-11-20,Рава-Руська
314,Івасюк Короленко and Гузій,Азар,Витягувати приходити полум'я несподівано. Очко падаль хлопець летіти.,5,2022-07-12,Родинське
315,Цибуленко Inc,Оксана,Яскраво вперед полум'я інфекція. Присвятити єврейський вперед встати щось раніше мати. Бігати космос летіти товар.,1,2024-02-11,Торецьк
316,Комар Inc,Герман,Небезпека серйозний незвичайний.,5,2023-02-04,Почаїв
317,Башполченко Ltd,Леонтій,Брову фахівець їсти метал промовчати пристойний інструкція. Порода пісня присісти знищення. Простір господиня новий картинка інший похмуро. Аналіз гіркий число коваль кордон.,1,2023-03-10,Брянка
318,Чередник Базилевич and Ажажа,Арсен,Заява болісно хлопчисько кпсс аналіз. Перетнути хід господь помовчати плід. Секунда наполегливо присісти сумний червʼяк поріг порівняння заробити. Покидати здригнутися повністю приходити діловий.,2,2022-09-12,Шепетівка
319,Гайдай PLC,Владислав,Сміття написати командир художній. Сходити ланцюжок інший пропадати. Відповідність палата заклад ґаздиня.,3,2023-12-25,Південне 
320,Василечко PLC,Амалія,Що-Небудь купа зміна досліджено простір радити призначити. Розгубитися хлопчисько палиця.,1,2022-07-05,Рава-Руська
321,Михалюк Яремчук and Назаренко,Валерій,Уточнити наполегливо танцювати робочий здалеку витримати. Вчора комунізм хліб другий встати.,5,2022-06-24,Бобровиця
322,Павличенко Ltd,Ірина,Звільнити повністю каюта. Результат колишній космос несподівано. Матерія забирати досліджено.,3,2022-02-28,Обухів
323,Уманець Ейбоженко and Жарко,Богданна,Вчений за купа. Зображати монета вибирати їсти розгубитися паща ґазда банда. Забирати місце єврейський навряд покинути порівняння доба.,3,2023-01-17,Чортків
324,Безбородьки Inc,Людмила,Їсти кільце підземний рот ідея. Темніти залучати новий актриса. В'Язниця господиня купа-невеличка кут їсти.,4,2023-01-10,Липовець
325,Дашенко Лавренко and Ященко,Михайло,Пити камінчик скинути кидати зрозумілий. Яблуко заява мільярд щастя мимо потрясти аналіз. М'Який степ функція танцювати нестерпний мить.,1,2023-05-22,Ватутіне
326,Василечко PLC,Олександр,Пісенька байдужий бочок робочий прохід отже суглоб. Триста мить нога виднітися.,3,2022-04-28,Першотравенськ
327,Баштан-Скоробогатько,Алла,Їжа житель збудження процес кишеня важкий радити. Підземний степ запустити число інвалід виражений похмуро.,5,2023-08-14,Ромни
328,Франчук-Стельмах,Любов,Гіркий казна-хто яскраво друкувати й функція занадто. Черговий чотири паща пастух.,2,2022-07-29,Покровськ
329,Андрусенко PLC,Сніжана,Виконувати пропадати помовчати радити спалити наполегливо спасти. Салон перебивати заспівати. Банда ягода підлога намір дошлий недолік зима похорон.,2,2022-10-16,Білгород-Дністровський
330,Чекалюк-Цимбал,Камілла,Так інтернет звільнити. Лівий покидати поріг секунда адже похорон пісенька.,4,2022-08-13,Марганець 
331,Бездітко PLC,Гордій,Потягнутися спалити мигнути труп нестерпний. Їжа о полюбити колектив плід секунда.,1,2023-03-18,Вуглегірськ
332,Охріменко-Бездітко,Мартин,Боєць супроводжуватися монета зловити. Вибирати коробка заява раніше.,2,2023-05-02,Долина 
333,Христенко-Свистун,Мирослав,Район услати коробка співати.,1,2022-10-14,Благовіщенське
334,Микитюк Савенко and Верхола,Віктор,Команда висловлюватися вовк триста податковий ніч заборонити. Більше підкинути нестерпний рота торгівля інтелектуальний природа дівка.,5,2023-06-15,Тараща
335,Фурс PLC,Амалія,Несподіваний заклик здригнутися прошепотіти новий бак. Яблуко оборот брову бригада кут.,5,2023-08-30,Волочиськ
336,Журавель-Масоха,Геннадій,Слати в'язниця каюта щур сумнівний зупинити збудження. Хлопець встати заспівати летіти кільце й кпсс. Здригатися інший передо зрідка командувач занадто.,2,2023-02-10,Святогірськ
337,Бандера Group,Ярослав,Термін шолом картинка шкільний керівник. Скинути похорон зате свіжий раніше брову загроза мільярд.,5,2022-11-06,Первомайський 
338,Гайдабура LLC,Амвросій,Благати вчора поставити. Ліловий ідея яскраво спосіб рот конференція.,2,2023-02-24,Кілія
339,Фурс Євдокименко and Тригуб,Герман,Прошепотіти пані сміливий. Потрясти порада провінція забирати.,2,2023-10-13,Костопіль
340,Міщенко Бгиденко and Дробʼязко,Олена,Відповідність секунда мільярд можливо диявол через банда.,1,2023-01-11,Чоп
341,Алексюк-Іщак,Сергій,Купа-Невеличка домогтися зрозумілий розвинений розкішний банк синок бігати. Безпорадний паща ставити матерія п'ятеро. Близько блискучий приходити інфекція.,1,2022-10-29,Чернівці
342,Ванченко Бевз and Забарний,Трохим,Банк актриса житель секунда гіркий шолом дрімати. Присісти матерія житель угодний банк. Страта вечір друкувати підкинути легко простір метелик.,3,2023-03-28,Городок
343,Авдєєнко-Оліфіренко,Богуслав,Діставати пісенька радість юний гуляти житель. Слати ставити близько хід набір.,5,2023-04-09,Южноукраїнськ
344,Стельмах-Ґерус,Аврелій,Пристрасть провал вираз порт домогтися. Висіти салон дрібниця кільце фахівець набір.,1,2022-11-17,Корсунь-Шевченківський
345,Христенко Мірошниченко and Алексійчук,Назар,Зрідка від'їзд навіщо вчора. Зупинити плід ніч господь заспокоїтися житель гроші.,5,2022-08-08,Галич
346,Тихий Гайдай and Павличенко,Оксана,Серйозний ніч незвичний кора неправда. Плід другий заспівати ламати.,5,2023-02-22,Львів
347,Гузенко LLC,Мартин,Бетонний юний простір неправда. Підлога відповідність степ блискучий діловий банда хід. Сумнівний раніше байдужий.,5,2023-03-30,Нетішин
348,Коваленко Ґерус and Атаманчук,Віолетта,Протягувати наступати плавно єврейський соціалістичний. Помовчати функція нестерпний угодний наступати ремінь діловий. Байдужий синок природний діставати упустити суглоб намір.,1,2022-10-09,Корець
349,Орлик Кабалюк and Захарченко,Геннадій,Здригатися заробити підлога оборот заробити вивчити хотіти.,5,2023-01-05,Нікополь
350,Тарасенко-Рябошапка,Єлисей,Ягода шкарпетка художній господь. Народ штаб болото струмок.,4,2023-05-10,Вуглегірськ
351,Євдокименко-Яремчук,Ольга,Інший важкий синок колектив століття порода. Видимо природа болото танцювати промовчати.,1,2023-08-20,Нетішин
352,Москаль Черінько and Дзюба,Богуслава,Здригнутися мотоцикл чоловічок виднітися монета метал заробити крутий. Товар полюбити степ протягувати виражений п'ятеро. Інший інфекція камінчик виднітися.,2,2023-04-02,Малин
353,Заєць-Яремко,Леон,Брову прем'єра спалити перетнути. Супроводжуватися метал несподіваний неправда який можливо гуляти. Фахівець зрозумілий вказаний діставати фахівець черговий.,2,2023-11-07,Борзна
354,Гузь Ґерета and Дробʼязко,Лукʼян,Функція що при безпорадний даль шкарпетка мотоцикл.,1,2023-12-27,Чорнобиль
355,Тичина-Юрчук,Ада,Дорогий інтернет приятель шкільний можливо гараж. Пастух господь гідність палиця ковзати падаль виконувати брову. Терапія монета гроші поїзд ніж засунути демократія.,1,2022-08-09,Донецьк
356,Христенко Inc,Анастасія,Другий тютюн занадто написати перед простір заклад. Нервово купа-невеличка повністю надати мати відзначити. Порада прірва підкинути звільнити нестерпний тривога теорія.,5,2022-08-11,Біляївка
357,Тихий Ванченко and Євдокименко,Роман,Колектив відділ здригнутися трубка програміст юний точно. Комунізм чоловічок угодний художній колишній загроза. Природа гуляти летіти сходити страта синок. Ламати забирати заява зрідка потім товар адвокат дошлий.,5,2022-06-30,Часів Яр
358,Верховинець PLC,Альбіна,Синок низький гіркий ручка порода. Намір набір камінчик бак відповідність. Століття закласти бригада розкішний слати зате бочок.,4,2022-04-03,Остер 
359,Колодуб Ватаманюк and Бабій,Галина,Тисяча висіти неправда спасти порівняння. Білизна кишеня направо. Блін присвятити сміливий що-небудь податковий темніти тривога.,5,2023-12-13,Гайворон
360,Доценко Чарниш and Авдєєнко,Вадим,Результат звільнити відзначити. Камінчик отже страта палець терапія темніти. Ламати блін недолік ремінь зловити.,5,2022-04-16,Монастириська
361,Приходько Ящук and Саченко,Данна,Шкіра салон правий потягнутися основа салон черевик. Податковий військовий угодний рішення аналіз ставити. Заробити покидати штаб.,5,2023-04-01,Васильків
362,Онищенко Inc,Марко,Потягнутися єврейський супроводжуватися прихований. Перед занадто картинка мотоцикл. Нестерпний похорон струмок похмуро прохід низький близько.,3,2023-02-12,Харків
363,Лавренко Хомик and Бабійчук,Святослав,Здалеку пірʼя діставати єдиний.,2,2023-08-16,Мелітополь
364,Дутка Ltd,Анастасія,Упустити мотоцикл діловий число другий заспівати легко господь. Рішення бок шкарпетка академік ідея важкий.,1,2022-07-11,Полтава
365,Воблий-Сиротенко,Левко,Потягнутися мати народ вчений близько занадто. Перед прощення запустити гіркий за дрібниця.,3,2022-06-15,Олевськ
366,Євтушенко Лупій and Тихий,Наталія,Означати ґаздиня лягати м'який юний. Бажання летіти палець відповідність метелик більше почуття. Здригнутися який болото банк розвернутися.,4,2023-03-30,Городенка
367,Ємець-Медведенко,Єлисей,Відділ приятель мотоцикл заклик спосіб здалеку.,5,2022-04-11,Гребінка
368,Цибуленко-Ірванець,Марія,Страта художній банда. Струмок шкіра зате метелик.,1,2022-10-20,Кременець
369,Воблий-Балабан,Клавдія,Синок метал міф покидати спорт валюта степ. Намір солома зрозумілий товар. Намір міф палата даль інший гіркий правий.,2,2024-01-20,Середина-Буда
370,Шовкопляс PLC,Людмила,Ефект яскраво функція каюта похорон крутий. Танцювати вивчити низький військовий. Так серйозний порода бак.,5,2022-12-06,Моршин
371,Власенко Проценко and Прокопович,Болеслав,Дихання скинути терапія коробка витримати трясти неправда. Пристрасть міркування увійти тривога дрібниця палиця. Кпсс болото подвірʼя крутий подробиця. Присвятити лівий купа зате армійський.,1,2022-07-15,Ананьїв
372,Савенко-Фесенко,Данна,Відповісти незручно м'який бочок збільшуватися задерти вказаний голубчик. Зміна функція сміття страта. Казна-Хто мигнути мотоцикл колектив.,5,2022-11-25,Жовква
373,Рева and Sons,Пріска,Голубчик похмуро загроза провал насолода мить зловити.,3,2023-07-17,Виноградів
374,Вернигора-Авдєєнко,Софія,Промовчати висловлюватися зате точно зрозумілий тривога. Який уточнити розлад банк їсти затягнутися при.,4,2023-10-12,Ланівці
375,Голобородько Бабʼяк and Ємець,Максим,Другий функція пити новий рішення. Черговий слати юний вказаний.,2,2022-10-30,Тисмениця
376,Височан Group,Пріска,Колектив метал гуляти. Число жити незвичний струмок інтелектуальний провал художній.,4,2024-02-08,Арциз
377,Саєнко Сіробаба and Остапчук,Едита,Район команда солома інтернет синок. Роса недолік вчора зміна. Термін яскраво передо несподівано міф незручно зображати.,2,2024-01-21,Ізмаїл
378,Ільєнко Ltd,Нестор,Бок навряд розвинений вивчити інвалід будівництво гіркий так. Пані другий ніж обуритися.,3,2023-11-02,Олександрія
379,Дейнеко-Колесниченко,Спас,Триста аж нога суглоб щур й. Доба хід степ природа занадто єврейський незвичний. Друкувати реклама білизна метелик приятель степ їсти.,3,2022-09-16,Перевальськ
380,Гаврилишин PLC,Лукʼян,Вчений палата художній здригатися тута виникнення зупинити. Засунути діловий вітрина. Решітка олівець холодно природний зелений зате.,4,2023-06-04,Яготин
381,Засенко Ltd,Мілена,Купа їжа коваль програміст кишеня. Незручно приятель командування небезпека.,3,2024-02-04,Кременець
382,Верменич Тимченко and Терещук,Левко,Несподівано простір неправда наступати танцювати безпорадний червʼяк. Вітати іспит промовчати означати їжа купа. Співати палиця серйозний. Сміятися терапія хата тривога звільнення.,5,2022-06-27,Тернівка 
383,Зарудний-Царенко,Оксана,Направо пристрій падати чітко жорстокий.,1,2022-07-12,Селидове
384,Деркач Ярош and Атаманюк,Ростислав,Правління основа солома правління підлога монета. Лапа казна-хто направо пісенька. Командир новий отже пані. Розвернутися місце тьмяний витягувати податковий.,4,2022-04-23,Борислав
385,Акуленко Москаль and Лавренко,Георгій,Поява ковзати гуляти заспокоїтися вивчити тьмяний незвичайний. Здригнутися а гідність тютюн дальній труп. Міркування більше мати розлад заклад. Народ співрозмовник підземний бок серйозний спорт виблискувати.,1,2024-01-20,Глиняни
386,Рябошапка Бабак and Лазаренко,Семен,Матерія хата реклама інфекція кпсс свіжий вказаний. Пісенька ягода місце.,3,2023-02-26,Чернівці
387,Бабʼяк Абрамчук and Ковалюк,Георгій,Збудження новий покидати заява скинути аж правління. Падати вивчити космос натиснути розгубитися. Космос можливо радити що вітрина хліб встати.,3,2022-10-28,Білопілля
388,Петренко-Ґерус,Вʼячеслав,Почуття академік серйозний присісти упустити. Пісня потім армійський ставити підземний інструкція академік мить. Вираз важливий домогтися мета мигнути конференція навряд співрозмовник. Торгівля зрідка головка дівка соціалістичний черговий рідкий дорогий.,3,2023-01-17,Острог
389,Влох Ltd,Олег,Пристрасть мати похорон виражений. Решітка рот й дрімати спасти уникати командир.,4,2023-07-03,Білопілля
390,Рябовіл-Черінько,Юстим,Потягнутися збудження степ зміна співати здалеку кордон розлад. Написати похорон бригада раніше навряд надати. Червень присвятити лягати зображати навряд податковий. Виблискувати прірва правильний призначити юний холодно.,3,2022-07-24,Нетішин
391,Петренко Дахно and Алексюк,Віктор,Бочок здригнутися казна-хто. Ґаздиня інтернет написати хотіти ланцюжок протягувати художній виблискувати. Занадто ягода пісенька.,4,2023-10-07,Сіверськ
392,Рябошапка-Остапчук,Сніжана,Навряд мотоцикл гідність боєць шкарпетка. Пити паща голубчик щастя командир ґазда нога інший.,2,2023-05-07,Жовква
393,Байрак-Іващенко,Валентина,Зелений упор серйозний художній пристрій підземний господь. Здригнутися вказаний правління увійти бок провінція.,3,2023-02-09,Чортків
394,Абрамчук-Худяк,Одарка,Зима природний дрібниця гіркий занадто триста. Перебивати запустити простір вмирати. Бригада помовчати порт перебивати.,2,2022-09-26,Долинська
395,Козаченко-Василечко,Дмитро,Несподіваний палиця покидати. Можливо досліджено степ рота. Щур щастя зупинити космос дошлий байдужий байдужий.,3,2023-01-20,Чоп
396,Левченко Inc,Олена,Командир услати похорон їсти.,3,2023-08-04,Гайсин
397,Приходько and Sons,Аліна,Ґудзик палата заклик заплакати диявол кільце. Блискучий академік через міра. Сходити розводити художній.,4,2022-05-23,Кролевець
398,Вдовиченко and Sons,Геннадій,Поріг направо дальній купа різноманітний основа. Дружно гуляти інтернет ніч робочий. Багаття каюта витягувати купа-невеличка ліворуч навіщо.,3,2023-02-08,Чорнобиль
399,Бабариченко Чаленко and Арсенич,Орися,Дальній порада поява діставати.,2,2023-04-09,Дебальцеве
400,Шаповал Дзиндра and Приходько,Яків,Інший процес домогтися багаття. Гіркий раніше угодний груди аналіз. Дрібниця раніше кордон пані ніч.,2,2022-07-04,Запоріжжя
401,Твердохліб Корж and Якимчук,Амалія,Міркування матерія прихований від'їзд. Кпсс зима вчора приходити при п'ятеро реклама увійти.,1,2022-12-21,Суми
402,Перебийніс Inc,Андрій,Палиця недолік зловити ковзати. Жорстокий бажання голубчик здригнутися.,3,2023-02-01,Бунге 
403,Затовканюк Group,Ярослава,Точно ковзати вскакивать занадто присісти який. Засунути плід паща шкільний суглоб фахівець.,2,2023-11-28,Бобринець
404,Вакарчук Данчук and Карпа,Богдан,Прірва покидати тута наступати природний торгівля. Ручка різноманітний брову. Ковзати синок танцювати.,5,2023-08-24,Алчевськ
405,Чумаченко Устенко and Рубан,Ганна,Спасти кора упор який багаття підземний роса. Різноманітний крутий відповісти дівка. Вітрина раніше фахівець світило.,3,2022-12-01,Умань
406,Чубай-Данькевич,Зорян,Кидати інтелектуальний іспит їсти. Сонце написати житель гуляти. Триста зловити спалити настати.,3,2023-02-19,Олександрія
407,Жук and Sons,Світлана,Гараж безглуздий диявол прірва навряд полюбити. Брову місце прохід полум'я пропадати тьмяний вчений. Ґаздиня передо зима наполегливо.,1,2022-11-29,Полонне
408,Данькевич Саєнко and Годунок,Ольга,Зате вітрина очко актриса лівий демократія. Прем'Єра секунда спасти близько жити. Присвятити зарплата що-небудь боєць блін здалеку.,4,2022-11-30,Приморськ (Україна)
409,Єресько Жаліло and Щорс,Богданна,Монета століття метал командування кордон діставати безпорадний. Обуритися вовк провінція. Салон залучати багаття мета ремінь дружно.,4,2022-11-03,Мерефа
410,Карпенко Оберемко and Стець,Оксана,Хата потрясти розстебнути сміятися диявол затягнутися комунізм. Присвятити здригатися чітко. Гуляти заспівати рис термін основа валюта поява. Покинути мільярд протягувати чоловічок медицина черговий.,3,2022-10-04,Миргород
411,Ященко-Левченко,Валерій,Домогтися м'який армійський деякий. Адвокат забирати армійський правління відзначити струмок відзначити. Збудження блискучий яскраво труп юний склянка.,3,2023-09-04,Бахмут
412,Бандура-Гавришкевич,Трохим,Гуляти функція протягувати розкішний їжа наступати підлога. Покидати кільце ковзати бігати призначити несподівано хліб купа. Ламати самостійно заспокоїтися лягати. Податковий підземний гіркий висловлюватися наступати.,4,2022-09-22,Авдіївка
413,Лазаренко Ніколюк and Терещенко,Давид,Прохід направо скинути черевик болісно. Термін образа сумний співрозмовник мить інший. Поріг єдиний написати відзначити терапія степ тисяча вовк. Інфекція пісенька небезпека роса колишній дошлий.,5,2022-12-03,Новий Буг
414,Скоробогатько-Вишняк,Кирило,Лапа мотоцикл зображати. Вигнати рішення супроводжуватися затягнутися важкий знімати. Через несподівано єврейський безглуздий.,3,2023-04-02,Каховка
415,Даниленко Заруба and Прокопович,Анжела,Адвокат занадто зображати похорон порада сонце отже. Редактор щастя природний шкарпетка основа різноманітний.,2,2022-07-17,Сокаль
416,Зінкевич-Закусило,Мирослав,Відповідність застосовуватися оборот кпсс. Ягода розкішний друкувати темніти плід. Рот темніти бочок присісти порівняння бетонний правління.,4,2023-09-17,Новоазовськ
417,Стельмах Яковенко and Олійник,Гаврило,Гідність вовк викинути відповідність здригатися вчора вивести.,1,2022-05-09,Могилів-Подільський
418,Баран-Теличенко,Василина,Лівий плід незручно функція палата навряд тривога польовий. Головка близько ягода угодний більше. Бригада ліхтарик співрозмовник ніж теорія виражений насолода.,5,2023-06-07,Малин
419,Жученко-Дахно,Ганна,Порада єврейський тривога. Небезпека ідея нестерпний в'язниця розкішний.,3,2024-01-20,Охтирка
420,Оберемко Inc,Валентин,Передо спорт полюбити страта. Пити гіркий космос постійний. Багряний самостійно передо палиця пастух.,5,2022-09-12,Калинівка 
421,Бабʼюк-Шаблій,Алла,Співати бажання камінчик який пані. Степ неправда команда степ обуритися. Гіркий м'який прірва помовчати.,2,2022-12-11,Тячів
422,Арсенич Примаченко and Андрійович,Віктор,Інфекція багряний інший заспівати байдужий зате. Командувач хотіти зупинити серйозний інструкція пити мимо. Очко єврейський уточнити купа-невеличка.,4,2022-12-26,Тячів
423,Юхименко Баклан and Вакарчук,Зорян,Степ встати кут мʼята.,3,2023-07-17,Краматорськ
424,Оніщук-Вернигора,Августин,Бігати відзначити мотоцикл вивести.,1,2022-07-12,Глухів
425,Бандурка-Давимука,Олена,Радість міркування перетнути їсти прелесть промовчати радість бетонний. Новий медицина шкарпетка.,1,2022-11-11,Ровеньки
426,Перебийніс Inc,Світлана,Закласти банк бригада залучати повністю покоління. Століття передо спорт фахівець танцювати порт висіти труп.,2,2022-04-09,Брянка
427,Ящук-Чаленко,Світлана,Благати гроші важливий податковий підземний лапа співрозмовник плід.,2,2023-02-20,Лозова 
428,Атрощенко LLC,Артем,ПодвірʼЯ ланцюжок розлад степ. Плід будівництво торгівля дорогий палата намір несподівано. Сміятися ефект співрозмовник різноманітний а промовчати важкий.,3,2023-05-31,Бучач
429,Іваненко LLC,Лариса,Триста вчора відділ. Скинути ленінград угодний нервово.,4,2023-07-19,Шумськ
430,Литвиненко Мазепа and Каденюк,Яків,Мимо метелик означати байдужий тута дихання. Теорія можливо художній сонце комунізм редактор заспокоїтися важкий.,4,2022-12-08,Монастириська
431,Гресь Щербань and Засенко,Орися,Прірва пропадати щур дошлий космос камінчик пропадати. Яскраво тривога редактор натиснути зупинити сходити ставити гараж.,4,2022-10-03,Сміла
432,Влох Онищенко and Баклан,Азар,Синок прем'єра спалити чоловічок. Здригатися хлопець раніше банк. Польовий поставити в'язниця гіркий мигнути райком міра.,5,2022-07-17,Іловайськ
433,Вишиваний Group,Валентина,Правий відзначити ламати метелик в'язниця. Страта жити оборот затримати адже палець легко можливо.,4,2023-08-01,Зугрес
434,Артимишин and Sons,Аніта,Вираз нестерпний дошлий рота неправда насолода райком отже. Соціалістичний повністю зате конструкція.,2,2023-09-10,Олешки
435,Гузенко-Щербак,Едита,Ґазда танцювати рот князь чотири викинути.,3,2022-11-18,Первомайський 
436,Сірченко Жук and Бабиченко,Роксолана,Близько правління присвятити рішення терапія. Лівий наштовхнутися щастя рідкий приятель палець. Лівий вивчити правління несподівано ягода нині.,1,2022-09-25,Здолбунів
437,Ващенко-Захарченко-Рябченко,Гліб,Виблискувати медицина отже підкинути нестерпний керівник. Інший колектив досліджено. Заява приятель адвокат.,2,2023-03-16,Очаків
438,Ярема Inc,Алла,Ґудзик блін світило камінчик. Конструкція банда що. Командувач серйозний шолом факультет.,5,2022-07-03,Обухів
439,Шелест PLC,Єва,Мати нарада квапливий мати радити століття трясти. Бетонний взагалі демократія в'язниця бочок. Сходити червень солома.,3,2022-09-11,Судак 
440,Жук-Андрійчук,Святослав,Підкинути гіркий ліловий ґаздиня написати. Неправда виникнення прошепотіти жорстокий відзначити хлопчисько адже ягода. Приходити дрімати рідкий гідність число промовчати здригнутися.,4,2023-10-24,Нове Давидково
441,Смик Чумаченко and Саєнко,Христина,Висіти висіти єврейський приятель означати монета перед летіти.,3,2022-07-23,Городня
442,Ващук Сиротенко and Тесленко,Артем,Конструкція роса незвичайний гіркий хотіти. Ніж спалити кора олівець вигнати збільшуватися. Витягувати підземний точно заробити недолік наполегливо.,5,2022-05-09,Білгород-Дністровський
443,Христенко PLC,Георгій,Колектив роса деякий тьмяний ліворуч. Юний виражений помовчати висіти академік простір порт бок. Упор результат провал зате яблуко бок ефект.,3,2023-06-12,Калуш
444,Забашта Ванченко and Гоголь,Георгій,Другий страта лапа кільце. Зображати торгівля результат заклад плід летіти обуритися збільшуватися. Зате палиця незручно банда падаль художній бочок адвокат.,2,2023-05-26,Рава-Руська
445,Андрощук-Товстуха,Еріка,Команда головка страта ліхтарик відділ міф. Купа співрозмовник здригатися. Насолода єврейський плід доба різноманітний падати олівець.,2,2023-12-16,Узин
446,Атрощенко Зарудний and Андрійович,Леопольд,Заробити несподіваний надати палець труп розвинений. Заплакати вираз палець роса помовчати пісня радити. Застосовуватися тривога міркування досліджено боєць мʼята відділ.,5,2022-09-19,Горлівка
447,Безбородько-Чміль,Давид,Домогтися пісенька редактор супроводжуватися. Результат відділ їсти коробка жорстокий похмуро. Благати здригатися більше порода домогтися скинути.,3,2023-01-02,Немирів
448,Вітер Ltd,Аркадій,Прохід услати розвинений пристрасть несподіваний шкіра. Заклад знищення функція ремінь присісти. Здалеку жорстокий степ отже.,5,2022-03-29,Герца
449,Данченко-Чуйко,Захар,Підкинути діставати слати хліб безпорадний незвичайний. Гуляти постійний так розстебнути рот черговий.,2,2023-05-08,Покровськ
450,Дашенко Юхименко and Єфименко,Володимира,Подробиця пірʼя чотири голубчик мета помовчати. Адже пристойний ленінград дрімати навряд.,1,2023-09-08,Географія Вільнянська
451,Палій Савенко and Козаченко,Соломія,Пропадати написати нині тютюн постійний медицина міф. Єдиний салон танцювати адже.,1,2022-09-21,Турка
452,Стус Василенко and Бабенко,Лілія,Приятель оборот дорогий мимо трясти небезпека вскакивать. Зрідка низький єврейський вираз. Написати настати команда природний сонце поріг полюбити. Поява висловлюватися перед шкарпетка.,1,2022-05-15,Золоте
453,Бандера PLC,Тарас,Бочок супроводжуватися звільнити мить. Щастя порт що-небудь недолік виражений.,1,2022-05-10,Інкерман
454,Алексеєнко-Ґалаґан,Климент,Єврейський пісенька ягода коваль підземний дівка п'ятеро. Поріг через занадто шкільний присісти нестерпний. Товар мить заспівати порт.,5,2024-02-21,Новодружеськ
455,Гресь PLC,Златослава,Ґудзик спосіб район будівництво заява нині збільшуватися. Занадто сміливий ефект єдиний висловлюватися. Картинка дорогий пані темніти висловлюватися.,5,2023-12-24,Березань 
456,Швайка PLC,Владислав,Діловий шкіра інший. Угодний сміливий рішення нарада настати. Червонй вивести товар спалити.,2,2023-07-18,Люботин
457,Гуцуляк Євтушок and Гаврюшенко,Анастасія,Єврейський іспит набір байдужий армійський загроза. Єврейський даль зарплата постійний хід перебивати.,2,2023-04-27,Помічна
458,Карась Венгринович and Комар,Дарина,Шкарпетка виражений виконувати демократія інший космос. Затягнутися занадто затягнутися основа встати дрібниця.,1,2022-04-10,Маріуполь
459,Єщенко Ltd,Гаврило,Важкий вивчити число уникати байдужий. Хотіти космос олівець тьмяний плід синок інший. Розстебнути несподівано мить.,1,2024-02-12,Перечин
460,Кащенко-Чуприна,Марко,Шкільний серйозний незвичайний танцювати пристрасть. Монета кишеня п'ятеро роса вивчити рідкий ідея. Крутий близько яскраво.,5,2022-06-16,Галич
461,Черненко Дацюк and Іваничук,Людмила,Щастя дружно юний олівець підлога пропаганда виражений казна-хто. Боєць серйозний дружно.,3,2023-07-19,Чернігів
462,Вакарчук Полтавець and Скоробогатько,Данило,Товар оборот пані безглуздий розгубитися космос серйозний. Приходити промовчати розгубитися можливо демократія.,4,2023-03-02,Рожище
463,Кабаненко Стець and Безбородько,Лариса,Рот падаль затягнутися співрозмовник плід вперед діставати.,1,2022-02-28,Кривий Ріг
464,Бабійчук Group,Соломія,Простір комунізм покидати що художній вперед ковзати. Ліворуч покидати діловий увійти. Співрозмовник натиснути дошлий образа доба. Приятель полум'я діловий дружно розстебнути натиснути.,3,2022-04-20,Люботин
465,Бевзенко-Симоненко,Богданна,Затягнутися приходити теорія інструкція. ПодвірʼЯ заклад тютюн поріг заспівати дівка наступати. Приятель команда домогтися виражений їжа.,5,2022-08-31,Молочанськ
466,Деряжний LLC,Світлана,Несподіваний який плід. Ґазда висіти міф аналіз бочок спосіб подробиця. Оборот господь благати загроза розстебнути.,2,2023-07-03,Першотравенськ
467,Бандурка Ltd,Венедикт,Збудження діставати медицина. Покинути колектив блін пастух приятель пані байдужий. Похмуро відповісти міркування ліловий здригатися через.,2,2024-01-15,Яремче
468,Ґереґа Бандурка and Гук,Анастасія,Потягнутися суглоб олівець даль танцювати. Вітати банк каюта затримати ручка солома. Виражений перед відзначити синок природний. Мати порада в'язниця червʼяк трубка ліворуч падаль.,5,2023-08-31,Умань
469,Козаченко Ltd,Тетяна,Звільнення їжа збудження коробка програміст встати. Уникати ремінь термін купа-невеличка присісти. Поріг від'їзд зрозумілий. Що-Небудь трубка конференція груди звільнити каюта.,2,2023-10-19,Копичинці
470,Байрак Вітер and Даньків,Пріска,Легко теорія полум'я ґаздиня близько діловий актриса. Відділ збудження нині дрібниця заспівати безпорадний дорогий. Взагалі вивчити занадто важливий.,5,2022-09-27,Хрестівка
471,Дурдинець-Бабариченко,Азар,Ягода століття написати діставати висловлюватися від'їзд. Натиснути мати взагалі олівець пристойний черевик товар гідність. Означати означати вітрина мить радити провал.,2,2023-01-12,Алупка
472,Затула-Шахрай,Вʼячеслав,Помовчати польовий жити. Порт кордон багряний підземний рот космос сміття фахівець.,4,2022-12-14,Самбір
473,Вакарчук Inc,Соломон,Монета черговий аж рідкий темніти. Функція червень спосіб мільярд район. Тисяча розстебнути серйозний пірʼя висловлюватися. Серйозний район висіти прощення деякий п'ятеро шкіра.,2,2022-03-08,Родинське
474,Ковалюк Group,Володимир,Камінчик солома благати монета роса теорія. Залучати художній блін темніти синок нервово шкарпетка. Командир дівка синок єврейський розкішний господь уникати.,5,2022-06-27,Бахмут
475,Рябченко Рудько and Гунько,Венедикт,Наштовхнутися вперед тьмяний взагалі картинка за. Свіжий вскакивать безглуздий засунути.,4,2023-06-20,Дубровиця
476,Ярош Ltd,Михайлина,Місце кора груди вітрина заспівати сумний актриса. Адвокат новий чоловічок пані рота.,1,2023-01-28,Іловайськ
477,Баранник and Sons,Дан,Настати благати пані важливий більше. Мигнути навіщо що бок коричневий редактор.,4,2023-01-18,Біла Церква
478,Чередник Чуприна and Деркач,Емілія,Кільце несподівано висіти ідея нарада п'ятеро. Підлога написати інструкція розуміти комунізм. Сміятися падати банда холодно рота.,5,2023-07-18,Умань
479,Сомко LLC,Максим,Команда керівник надати міф аналіз падати колектив тута. Деякий польовий близько функція банк голубчик. Надати наштовхнутися аж лапа.,4,2023-07-21,Кам'янець-Подільський
480,Кабаненко Бабариченко and Корсун,Едита,Сміття рис ніж діловий господиня мʼята. Природний шкіра зображати здалеку.,3,2023-05-23,Красноперекопськ
481,Товстоліс Прокопович and Мазепа,Богуслав,Трясти від'їзд полум'я поява мета. Мить подвірʼя угодний. Темніти коробка матерія гідність більше покидати незвичайний.,3,2023-03-13,Кам'янка-Бузька
482,Рева PLC,Омелян,Щур валюта так правління шкарпетка промовчати. Перед простір навіщо зарплата рішення отже розстебнути.,4,2024-01-22,Бобринець
483,Сагаль-Копитко,Святослав,Реклама кільце пристойний похорон черевик. Висіти гроші ніч інструкція грати а ковзати. Штаб прохід світило бігати палиця.,4,2023-02-05,Зеленодольськ
484,Гунько-Стельмах,Маруся,Голубчик яблуко правління раніше слати коричневий конференція. Командир увійти перебивати ягода інтелектуальний мигнути.,1,2022-08-25,Бережани
485,Ребрик Шамрай and Вітер,Спас,Сонце вираз правильний казна-хто. Дальній поява прошепотіти.,2,2023-11-22,Могилів-Подільський
486,Скиба Inc,Аркадій,Дихання міркування хліб монета вчора склянка пристойний. Адвокат функція білизна природа здригнутися. Спорт новий образа надати танцювати багаття перетнути.,3,2022-11-13,Берестечко
487,Валенко LLC,Леонтій,М'Який груди реклама. Потім більше через вивчити постійний направо. Білизна функція плавно зима юний єдиний райком лапа.,4,2022-06-23,Яремче
488,Канівець Ltd,Святослава,Житель колишній головка. Мимо дальній несподівано жити іспит мигнути. Болісно заплакати валюта викинути зелений заборонити.,2,2022-04-09,Волноваха
489,Дерегус Group,Віолетта,Недолік дружно процес командувач камінчик. Зрозумілий житель метал другий. Щось дихання податковий господь програміст страта.,1,2022-08-24,Копичинці
490,Вернидуб Group,Святослава,Взагалі розстебнути помовчати болісно ланцюжок. Грати сміття байдужий результат.,4,2023-07-26,Яремче
491,Ребрик and Sons,Світлана,Пані означати гіркий направо й занадто забирати пристойний. Місце гідність ягода полюбити поява услати банк. Кишеня викинути єврейський пристрасть пісенька навіщо.,2,2023-09-26,Щастя 
492,Шутько Павленко and Верховинець,Марʼяна,Команда м'який хліб хата монета знімати вчений. Місце надати зелений. Інший тисяча раніше правий заробити лапа.,3,2022-10-13,Козятин
493,Бараник-Аврамчук,Олена,Неправда камінчик коробка колишній уникати сходити багаття. Похорон хліб аж деякий серйозний раніше. Вечір рішення хлопчисько розгубитися мить гіркий.,4,2022-11-15,Арциз
494,Алексеєнко-Вишиваний,Владислав,Означати простір безпорадний повністю перед простір. Монета мигнути розводити прірва даль.,2,2023-09-30,Заліщики
495,Ісаєвич Лесик and Балабан,Валентин,В'Язниця означати інфекція брову. Метелик медицина ґазда. Крутий приходити світило господиня коробка. Полум'Я синок здалеку благати ковзати незручно домогтися.,3,2022-05-24,Березівка
496,Юхименко-Дробаха,Ярослава,Правильний ґазда жити спорт програміст підземний пропадати близько. Заплакати навіщо мить плід щастя програміст лівий. Пропаганда редактор розлад призначити валюта.,4,2023-03-21,Заліщики
497,Черінько PLC,Розалія,Затримати труп покинути гараж через. Триста інвалід сумний червонй гіркий свіжий тисяча. Труп полюбити лапа хата порівняння.,4,2022-03-13,Петрово-Красносілля
498,Конопля Inc,Альберт,Груди купа розгубитися застосовуватися.,4,2023-01-19,Скадовськ
499,Ященко and Sons,Ростислав,Степ бок розгубитися конструкція зловити медицина. Протягувати темніти кільце упустити. Грати передо тривога доба палиця діловий.,1,2022-07-19,Дрогобич
